amount,payment_method,failure_category,attempt_number,previous_success_rate,previous_failures,customer_tenure_days,subscription,recovered
2721,credit_card,HARD_DECLINE,2,0.677,17,208,0,1
4754,credit_card,TRANSIENT,2,0.561,22,1360,0,0
5872,credit_card,SOFT_DECLINE,1,0.423,8,348,1,0
99,debit_card,TRANSIENT,1,0.344,8,1682,1,1
4832,net_banking,TRANSIENT,2,0.885,11,1212,1,1
3989,upi,HARD_DECLINE,3,0.855,3,808,1,0
3495,debit_card,SOFT_DECLINE,3,0.648,19,1330,1,0
4906,debit_card,TRANSIENT,3,0.64,17,479,0,0
5132,credit_card,HARD_DECLINE,1,0.211,18,1824,0,0
3436,net_banking,SOFT_DECLINE,2,0.143,4,535,0,0
948,debit_card,HARD_DECLINE,3,0.138,15,216,0,0
1812,credit_card,TRANSIENT,2,0.596,12,811,0,0
6531,upi,SOFT_DECLINE,1,0.885,24,576,0,1
1663,credit_card,SOFT_DECLINE,1,0.722,23,569,0,0
387,credit_card,SOFT_DECLINE,1,0.199,11,1591,1,0
400,net_banking,UNKNOWN,1,0.489,3,1932,0,0
3185,credit_card,CUSTOMER_ACTION_REQUIRED,1,0.732,2,1587,0,1
6230,net_banking,HARD_DECLINE,1,0.528,19,896,0,0
2417,upi,HARD_DECLINE,2,0.373,16,954,1,0
545,upi,SOFT_DECLINE,1,0.22,2,1479,0,1
4663,net_banking,CUSTOMER_ACTION_REQUIRED,2,0.214,4,1511,0,0
3793,upi,SOFT_DECLINE,2,0.19,3,1379,0,0
333,upi,SOFT_DECLINE,1,0.403,10,1669,0,1
3380,debit_card,TRANSIENT,1,0.279,7,1820,0,1
12036,upi,CUSTOMER_ACTION_REQUIRED,2,0.969,24,1768,1,0
5973,net_banking,SOFT_DECLINE,3,0.165,0,829,1,0
10912,debit_card,SOFT_DECLINE,1,0.718,4,418,1,0
825,debit_card,HARD_DECLINE,2,0.057,18,1006,0,0
4404,wallet,TRANSIENT,1,0.675,7,856,1,0
3773,upi,TRANSIENT,2,0.419,18,1187,0,0
3178,upi,TRANSIENT,2,0.3,10,1932,0,1
5503,wallet,SOFT_DECLINE,3,0.073,6,1066,1,0
2000,net_banking,CUSTOMER_ACTION_REQUIRED,2,0.704,19,1682,0,1
4070,credit_card,CUSTOMER_ACTION_REQUIRED,2,0.939,4,571,1,1
143,credit_card,HARD_DECLINE,1,0.634,8,1065,0,0
566,credit_card,CUSTOMER_ACTION_REQUIRED,1,0.277,0,713,0,0
496,upi,SOFT_DECLINE,1,0.075,22,1881,1,1
2157,upi,SOFT_DECLINE,1,0.042,11,1871,0,0
1465,debit_card,TRANSIENT,1,0.56,13,1301,0,0
374,credit_card,TRANSIENT,2,0.177,13,80,1,0
1034,debit_card,HARD_DECLINE,1,0.159,22,251,0,1
569,credit_card,SOFT_DECLINE,3,0.35,25,1814,1,1
7296,debit_card,TRANSIENT,1,0.641,12,1421,0,1
1913,credit_card,UNKNOWN,3,0.179,8,108,1,0
649,debit_card,HARD_DECLINE,1,0.577,8,120,0,1
1148,debit_card,UNKNOWN,2,0.742,21,433,0,1
1103,debit_card,HARD_DECLINE,2,0.3,9,1395,0,0
7466,credit_card,SOFT_DECLINE,1,0.94,21,1562,0,0
5055,debit_card,SOFT_DECLINE,1,0.58,20,689,0,0
3005,debit_card,TRANSIENT,3,0.796,5,1379,1,0
4737,debit_card,HARD_DECLINE,2,0.225,6,331,1,0
790,net_banking,SOFT_DECLINE,1,0.414,20,1208,1,0
2853,credit_card,SOFT_DECLINE,2,0.77,3,1624,0,1
2780,debit_card,UNKNOWN,1,0.249,3,964,1,0
1278,upi,SOFT_DECLINE,1,0.815,16,903,0,0
6825,upi,CUSTOMER_ACTION_REQUIRED,1,0.259,7,1750,0,0
2845,upi,SOFT_DECLINE,1,0.272,10,1858,0,1
3992,upi,TRANSIENT,2,0.064,13,707,0,0
5736,debit_card,TRANSIENT,2,0.857,24,1209,0,1
1135,upi,SOFT_DECLINE,2,0.953,13,1132,0,0
3510,credit_card,HARD_DECLINE,1,0.336,21,1664,0,0
5625,credit_card,SOFT_DECLINE,2,0.027,12,1242,0,1
2220,credit_card,HARD_DECLINE,1,0.212,10,721,0,0
3191,net_banking,HARD_DECLINE,1,0.082,0,1564,0,0
3708,upi,SOFT_DECLINE,2,0.95,6,1748,1,1
561,upi,TRANSIENT,1,0.218,22,554,0,1
6477,upi,HARD_DECLINE,3,0.108,0,1932,1,0
6048,debit_card,UNKNOWN,2,0.076,22,1731,0,1
1974,net_banking,HARD_DECLINE,3,0.783,11,1121,0,0
2250,debit_card,SOFT_DECLINE,2,0.822,3,917,0,0
737,upi,CUSTOMER_ACTION_REQUIRED,3,0.27,25,1913,0,0
4603,upi,SOFT_DECLINE,1,0.852,2,601,0,1
2562,upi,SOFT_DECLINE,2,0.182,6,756,0,0
3415,upi,CUSTOMER_ACTION_REQUIRED,1,0.01,6,205,1,0
899,credit_card,HARD_DECLINE,1,0.017,9,483,0,0
3590,debit_card,HARD_DECLINE,1,0.344,23,1157,1,0
4187,credit_card,SOFT_DECLINE,1,0.536,24,1443,1,1
4124,upi,SOFT_DECLINE,3,0.525,9,235,0,0
2660,debit_card,SOFT_DECLINE,1,0.055,9,1458,0,0
1744,credit_card,HARD_DECLINE,1,0.284,15,932,1,0
3692,net_banking,SOFT_DECLINE,1,0.577,21,139,1,0
3603,credit_card,UNKNOWN,1,0.558,13,1271,0,0
4762,debit_card,HARD_DECLINE,1,0.429,18,1301,1,0
1857,upi,TRANSIENT,2,0.265,2,351,1,0
1952,debit_card,TRANSIENT,1,0.288,9,1469,0,1
385,credit_card,TRANSIENT,2,0.59,25,1942,1,1
2864,credit_card,TRANSIENT,1,0.793,19,1563,0,0
4378,debit_card,SOFT_DECLINE,1,0.403,8,1054,0,0
2669,net_banking,HARD_DECLINE,1,0.229,21,1742,0,0
385,upi,TRANSIENT,2,0.576,24,1578,1,0
5674,credit_card,SOFT_DECLINE,2,0.969,15,742,0,1
2948,credit_card,TRANSIENT,1,0.495,21,1965,0,0
2981,credit_card,TRANSIENT,2,0.865,0,1376,0,1
4240,debit_card,TRANSIENT,2,0.498,14,1586,1,1
5109,credit_card,TRANSIENT,1,0.63,25,520,0,1
1040,debit_card,TRANSIENT,1,0.841,3,975,0,1
1983,net_banking,TRANSIENT,1,0.482,15,529,0,1
6774,upi,TRANSIENT,2,0.137,2,595,0,0
2980,upi,SOFT_DECLINE,2,0.837,18,1381,0,1
3178,debit_card,SOFT_DECLINE,1,0.543,14,1940,1,1
3445,upi,HARD_DECLINE,1,0.745,22,1900,0,0
7298,net_banking,HARD_DECLINE,3,0.495,1,288,0,0
157,net_banking,CUSTOMER_ACTION_REQUIRED,1,0.722,13,1813,0,1
4119,wallet,SOFT_DECLINE,1,0.693,20,194,0,0
1380,debit_card,CUSTOMER_ACTION_REQUIRED,2,0.872,1,1294,1,0
6637,wallet,UNKNOWN,2,0.434,3,1587,0,0
3630,upi,SOFT_DECLINE,2,0.293,11,912,1,0
2562,upi,HARD_DECLINE,1,0.079,12,1299,0,0
1204,credit_card,HARD_DECLINE,2,0.899,14,1875,1,0
886,net_banking,TRANSIENT,3,0.299,13,1443,1,0
1170,debit_card,TRANSIENT,1,0.575,22,634,1,0
3193,credit_card,SOFT_DECLINE,2,0.778,1,1894,0,0
4032,credit_card,CUSTOMER_ACTION_REQUIRED,1,0.637,19,543,0,0
257,net_banking,HARD_DECLINE,2,0.903,20,110,1,0
4764,upi,HARD_DECLINE,2,0.176,4,1640,0,0
4121,net_banking,SOFT_DECLINE,2,0.257,15,1681,1,0
6727,debit_card,CUSTOMER_ACTION_REQUIRED,1,0.676,21,843,0,0
4908,upi,SOFT_DECLINE,1,0.537,14,784,0,0
4114,net_banking,HARD_DECLINE,1,0.025,17,701,0,0
2561,net_banking,TRANSIENT,3,0.302,13,268,1,0
7279,debit_card,SOFT_DECLINE,1,0.454,21,1974,0,0
5995,upi,SOFT_DECLINE,1,0.415,3,1737,0,0
1140,credit_card,UNKNOWN,3,0.855,3,1434,0,0
4966,credit_card,HARD_DECLINE,1,0.968,14,217,0,0
3428,credit_card,HARD_DECLINE,1,0.565,2,1729,0,0
1181,net_banking,TRANSIENT,1,0.148,19,35,1,0
3362,debit_card,UNKNOWN,2,0.132,11,1647,0,0
1849,credit_card,TRANSIENT,1,0.421,3,1557,1,1
1310,upi,SOFT_DECLINE,2,0.727,21,1097,1,0
3525,wallet,TRANSIENT,2,0.426,3,1034,0,0
3774,debit_card,CUSTOMER_ACTION_REQUIRED,2,0.585,22,695,0,0
4042,debit_card,SOFT_DECLINE,1,0.793,3,1776,0,0
1735,net_banking,HARD_DECLINE,1,0.827,12,881,0,0
5225,credit_card,SOFT_DECLINE,3,0.687,15,167,1,1
2080,upi,SOFT_DECLINE,1,0.957,17,705,0,1
3947,net_banking,CUSTOMER_ACTION_REQUIRED,1,0.916,1,619,0,0
2014,credit_card,HARD_DECLINE,1,0.845,11,265,0,0
1515,net_banking,CUSTOMER_ACTION_REQUIRED,3,0.818,19,1412,0,1
2827,net_banking,UNKNOWN,2,0.309,10,748,1,0
4567,debit_card,HARD_DECLINE,1,0.633,0,217,0,0
262,debit_card,SOFT_DECLINE,2,0.568,2,1839,1,1
5913,upi,HARD_DECLINE,1,0.662,15,1273,0,0
1154,credit_card,HARD_DECLINE,2,0.487,21,661,1,0
3869,credit_card,HARD_DECLINE,1,0.211,4,1595,1,0
4100,upi,TRANSIENT,2,0.5,21,1681,0,0
5183,debit_card,HARD_DECLINE,1,0.078,10,1209,0,0
2382,credit_card,HARD_DECLINE,1,0.948,14,1733,0,0
6656,credit_card,SOFT_DECLINE,1,0.4,2,840,0,0
6140,upi,TRANSIENT,1,0.194,24,745,0,0
4634,credit_card,HARD_DECLINE,1,0.256,5,1263,1,0
1062,wallet,TRANSIENT,1,0.579,21,1922,0,0
989,debit_card,UNKNOWN,3,0.316,14,169,0,0
2413,upi,HARD_DECLINE,1,0.038,11,1733,1,0
3787,credit_card,UNKNOWN,1,0.384,18,1165,0,0
1546,net_banking,TRANSIENT,2,0.501,1,952,1,0
2297,upi,SOFT_DECLINE,1,0.173,7,1479,0,0
1577,credit_card,SOFT_DECLINE,1,0.338,19,137,0,0
4460,credit_card,TRANSIENT,2,0.284,23,1774,0,0
1801,debit_card,CUSTOMER_ACTION_REQUIRED,1,0.968,22,1386,0,0
2314,debit_card,UNKNOWN,1,0.792,4,1402,0,0
6101,net_banking,UNKNOWN,1,0.018,9,399,0,0
5063,credit_card,HARD_DECLINE,3,0.155,9,1759,0,0
630,upi,SOFT_DECLINE,2,0.618,19,801,1,1
2389,upi,HARD_DECLINE,3,0.721,1,871,0,0
3065,upi,UNKNOWN,1,0.239,25,1636,0,0
1374,net_banking,SOFT_DECLINE,3,0.462,9,1623,0,0
3431,net_banking,UNKNOWN,1,0.641,11,1165,0,0
1705,credit_card,SOFT_DECLINE,1,0.16,14,1884,0,0
5114,net_banking,TRANSIENT,3,0.415,12,1058,0,0
1746,credit_card,TRANSIENT,1,0.099,22,1361,1,1
1644,net_banking,TRANSIENT,2,0.469,19,40,0,1
3811,credit_card,TRANSIENT,3,0.609,13,257,0,0
757,credit_card,TRANSIENT,1,0.837,15,1252,0,1
324,upi,HARD_DECLINE,1,0.002,11,522,0,0
964,debit_card,HARD_DECLINE,1,0.786,16,1164,1,0
7755,debit_card,TRANSIENT,1,0.747,11,1644,1,1
658,credit_card,HARD_DECLINE,1,0.352,10,1696,0,0
931,wallet,HARD_DECLINE,1,0.182,4,159,0,0
4330,credit_card,TRANSIENT,1,0.31,12,1699,0,1
2035,credit_card,HARD_DECLINE,1,0.781,20,709,1,0
2816,debit_card,SOFT_DECLINE,1,0.187,22,1048,0,0
5313,credit_card,SOFT_DECLINE,1,0.431,5,1147,1,1
748,credit_card,SOFT_DECLINE,1,0.444,14,116,0,0
4325,debit_card,HARD_DECLINE,2,0.791,1,183,0,0
3336,upi,SOFT_DECLINE,2,0.678,14,101,1,1
3530,debit_card,HARD_DECLINE,3,0.032,4,1420,0,0
4550,credit_card,SOFT_DECLINE,1,0.279,3,83,0,0
4819,upi,SOFT_DECLINE,1,0.26,14,469,0,1
6511,debit_card,CUSTOMER_ACTION_REQUIRED,1,0.899,14,209,0,0
6408,upi,UNKNOWN,2,0.55,9,1855,1,1
4087,upi,HARD_DECLINE,1,0.985,25,314,1,0
5103,upi,SOFT_DECLINE,1,0.983,4,1283,0,1
451,upi,SOFT_DECLINE,1,0.575,4,679,0,0
3343,debit_card,HARD_DECLINE,2,0.78,20,1233,1,0
4210,net_banking,SOFT_DECLINE,1,0.165,10,1944,0,0
3439,net_banking,UNKNOWN,2,0.251,20,1988,0,1
1480,debit_card,SOFT_DECLINE,3,0.154,21,1308,0,0
2975,upi,CUSTOMER_ACTION_REQUIRED,2,0.028,1,1972,0,0
99,upi,HARD_DECLINE,1,0.627,9,1344,0,0
4785,upi,CUSTOMER_ACTION_REQUIRED,1,0.073,1,353,0,0
1475,upi,TRANSIENT,2,0.861,12,297,0,0
6676,credit_card,TRANSIENT,1,0.45,4,228,1,0
8244,debit_card,CUSTOMER_ACTION_REQUIRED,2,0.934,23,670,1,1
1747,debit_card,UNKNOWN,2,0.497,2,1965,0,0
4937,upi,TRANSIENT,1,0.843,21,993,1,1
3611,credit_card,TRANSIENT,1,0.366,12,779,1,1
2406,debit_card,HARD_DECLINE,1,0.55,19,1423,0,1
5398,debit_card,TRANSIENT,3,0.558,11,1576,1,0
6835,credit_card,SOFT_DECLINE,2,0.519,4,1271,0,1
3957,debit_card,UNKNOWN,1,0.617,9,1245,1,0
1584,upi,SOFT_DECLINE,1,0.674,13,1225,1,0
7374,upi,CUSTOMER_ACTION_REQUIRED,1,0.266,20,1633,0,0
99,credit_card,TRANSIENT,2,0.775,12,332,0,1
3373,upi,HARD_DECLINE,1,0.441,13,340,0,0
1778,upi,SOFT_DECLINE,2,0.706,16,454,0,0
3861,debit_card,SOFT_DECLINE,3,0.46,17,731,0,0
3647,upi,CUSTOMER_ACTION_REQUIRED,1,0.957,8,1172,1,0
1151,upi,UNKNOWN,2,0.69,15,679,0,0
2232,upi,UNKNOWN,1,0.896,12,1706,1,0
6172,credit_card,TRANSIENT,3,0.079,14,1373,1,0
6522,debit_card,TRANSIENT,1,0.616,18,520,1,0
1423,upi,SOFT_DECLINE,1,0.413,22,997,1,0
5306,upi,TRANSIENT,3,0.878,15,1362,1,0
1898,upi,SOFT_DECLINE,3,0.089,18,505,0,0
5345,net_banking,UNKNOWN,1,0.92,12,1643,0,0
7608,net_banking,UNKNOWN,2,0.009,18,1264,1,0
189,wallet,SOFT_DECLINE,3,0.851,14,588,1,1
2215,debit_card,TRANSIENT,1,0.186,23,720,0,0
6297,credit_card,HARD_DECLINE,2,0.515,2,850,0,0
1188,debit_card,TRANSIENT,1,0.261,7,944,0,0
6631,upi,SOFT_DECLINE,2,0.062,3,983,1,0
3261,net_banking,SOFT_DECLINE,2,0.311,3,1338,0,0
3963,credit_card,HARD_DECLINE,2,0.606,13,1467,0,0
4072,upi,SOFT_DECLINE,1,0.247,24,1250,0,1
5841,upi,SOFT_DECLINE,1,0.548,16,444,0,1
4518,debit_card,SOFT_DECLINE,1,0.205,18,1031,1,0
247,debit_card,CUSTOMER_ACTION_REQUIRED,1,0.462,25,661,0,0
2770,upi,CUSTOMER_ACTION_REQUIRED,1,0.045,11,1464,1,0
3580,credit_card,UNKNOWN,1,0.769,24,1343,0,0
2743,wallet,SOFT_DECLINE,1,0.87,12,799,1,0
3802,credit_card,CUSTOMER_ACTION_REQUIRED,3,0.393,4,1520,0,0
2033,wallet,HARD_DECLINE,1,0.719,13,1119,0,0
4922,credit_card,SOFT_DECLINE,2,0.032,21,888,0,0
7724,credit_card,CUSTOMER_ACTION_REQUIRED,1,0.594,14,1254,0,0
111,credit_card,TRANSIENT,2,0.776,4,1061,0,1
4165,upi,CUSTOMER_ACTION_REQUIRED,1,0.773,10,515,1,1
2723,credit_card,HARD_DECLINE,3,0.88,5,1312,0,0
3842,debit_card,TRANSIENT,2,0.381,16,682,0,0
1196,credit_card,SOFT_DECLINE,1,0.858,4,1680,0,1
2561,debit_card,SOFT_DECLINE,1,0.388,8,446,1,1
1584,debit_card,SOFT_DECLINE,1,0.377,19,1264,1,1
1956,upi,CUSTOMER_ACTION_REQUIRED,2,0.217,6,1810,0,0
4513,credit_card,CUSTOMER_ACTION_REQUIRED,2,0.754,7,1454,0,0
6823,upi,CUSTOMER_ACTION_REQUIRED,2,0.381,17,1358,0,0
8742,debit_card,SOFT_DECLINE,1,0.84,6,789,1,1
7095,upi,CUSTOMER_ACTION_REQUIRED,1,0.553,18,1216,0,0
1300,credit_card,TRANSIENT,1,0.943,10,557,0,1
2202,upi,HARD_DECLINE,1,0.733,11,376,1,0
9265,net_banking,TRANSIENT,1,0.839,2,1965,0,1
2618,credit_card,TRANSIENT,2,0.068,4,48,1,0
8052,upi,TRANSIENT,2,0.016,17,1159,0,1
772,debit_card,HARD_DECLINE,1,0.502,22,1410,0,0
1165,net_banking,TRANSIENT,2,0.252,11,577,0,1
2716,debit_card,UNKNOWN,1,0.697,9,1430,0,1
5498,upi,UNKNOWN,1,0.476,20,49,0,1
3504,upi,CUSTOMER_ACTION_REQUIRED,1,0.977,3,1862,0,1
5160,net_banking,TRANSIENT,1,0.074,8,1871,0,0
1156,net_banking,TRANSIENT,1,0.207,4,1570,0,0
99,credit_card,UNKNOWN,2,0.677,17,709,0,0
1735,upi,HARD_DECLINE,1,0.745,11,139,1,0
460,upi,TRANSIENT,3,0.326,20,589,0,0
793,upi,TRANSIENT,1,0.186,18,1383,0,0
4767,credit_card,SOFT_DECLINE,1,0.784,4,1544,0,1
3879,net_banking,TRANSIENT,1,0.761,3,301,1,1
3863,debit_card,HARD_DECLINE,1,0.597,25,694,0,1
3654,upi,SOFT_DECLINE,2,0.56,7,1201,0,0
2837,credit_card,TRANSIENT,1,0.276,9,1021,0,1
4394,upi,UNKNOWN,1,0.617,14,249,1,1
625,net_banking,SOFT_DECLINE,1,0.431,20,1247,1,1
6409,credit_card,UNKNOWN,1,0.965,10,626,0,0
2069,upi,UNKNOWN,2,0.365,18,439,0,0
4801,upi,HARD_DECLINE,3,0.462,22,459,0,0
3725,net_banking,HARD_DECLINE,1,0.633,7,547,0,0
540,credit_card,HARD_DECLINE,3,0.479,12,1124,0,0
3597,debit_card,HARD_DECLINE,2,0.537,20,1902,1,0
716,debit_card,HARD_DECLINE,2,0.044,20,1417,0,0
3895,upi,SOFT_DECLINE,1,0.747,17,1218,0,1
3703,debit_card,SOFT_DECLINE,2,0.69,4,736,0,0
7046,net_banking,SOFT_DECLINE,2,0.348,10,962,0,0
5422,credit_card,SOFT_DECLINE,2,0.452,2,644,1,0
6467,debit_card,TRANSIENT,3,0.74,16,387,0,0
5845,debit_card,SOFT_DECLINE,2,0.63,5,1341,0,0
482,net_banking,HARD_DECLINE,1,0.215,8,1570,0,0
3825,upi,HARD_DECLINE,1,0.366,6,967,1,0
2037,wallet,SOFT_DECLINE,1,0.114,11,1761,0,1
5285,net_banking,HARD_DECLINE,3,0.59,21,304,1,0
4564,debit_card,TRANSIENT,1,0.575,13,410,0,1
4923,net_banking,CUSTOMER_ACTION_REQUIRED,1,0.167,9,317,1,0
5747,net_banking,HARD_DECLINE,1,0.384,17,1065,0,0
2142,upi,SOFT_DECLINE,1,0.167,18,93,0,1
1952,credit_card,TRANSIENT,1,0.773,15,1155,0,1
7227,debit_card,SOFT_DECLINE,3,0.542,24,115,0,0
2679,debit_card,TRANSIENT,1,0.875,1,951,1,1
626,net_banking,TRANSIENT,1,0.812,6,1690,0,1
113,upi,CUSTOMER_ACTION_REQUIRED,2,0.814,25,151,0,0
4508,credit_card,HARD_DECLINE,3,0.293,18,577,0,0
5741,net_banking,CUSTOMER_ACTION_REQUIRED,1,0.059,8,1805,0,0
6133,credit_card,TRANSIENT,1,0.248,21,834,0,0
382,debit_card,SOFT_DECLINE,2,0.093,16,1565,1,0
4052,wallet,SOFT_DECLINE,1,0.002,24,1764,0,0
2431,upi,SOFT_DECLINE,1,0.218,13,1719,1,1
3703,debit_card,CUSTOMER_ACTION_REQUIRED,1,0.566,15,1644,1,0
3586,credit_card,TRANSIENT,1,0.858,14,964,1,0
289,upi,TRANSIENT,1,0.65,5,1820,0,1
748,credit_card,HARD_DECLINE,1,0.396,9,1516,0,0
6900,upi,HARD_DECLINE,1,0.477,4,1245,1,0
6047,upi,TRANSIENT,1,0.132,2,498,0,0
3794,debit_card,TRANSIENT,2,0.137,24,1695,0,1
2679,credit_card,UNKNOWN,2,0.44,23,466,0,0
2937,upi,SOFT_DECLINE,2,0.087,3,316,0,0
2458,wallet,SOFT_DECLINE,1,0.084,17,1260,0,0
4260,upi,HARD_DECLINE,2,0.658,9,450,0,0
8029,credit_card,HARD_DECLINE,3,0.495,3,523,0,0
4795,wallet,SOFT_DECLINE,3,0.934,4,822,0,0
3496,upi,SOFT_DECLINE,2,0.017,2,58,1,1
3194,upi,TRANSIENT,1,0.629,16,1601,0,0
1496,debit_card,TRANSIENT,1,0.511,6,1684,1,1
1657,upi,HARD_DECLINE,2,0.643,9,1460,0,0
4104,credit_card,TRANSIENT,2,0.055,21,1548,0,1
2433,credit_card,TRANSIENT,1,0.496,11,1101,0,0
2992,debit_card,SOFT_DECLINE,2,0.118,0,716,0,0
2083,upi,TRANSIENT,1,0.077,14,1076,0,0
2962,debit_card,HARD_DECLINE,1,0.723,7,1547,0,1
4164,credit_card,CUSTOMER_ACTION_REQUIRED,1,0.383,4,396,0,0
2847,net_banking,HARD_DECLINE,1,0.416,23,685,1,1
397,debit_card,SOFT_DECLINE,3,0.179,25,1086,0,0
2027,debit_card,TRANSIENT,1,0.553,0,785,1,1
7727,upi,SOFT_DECLINE,1,0.592,15,1612,0,0
6394,upi,SOFT_DECLINE,1,0.542,20,1749,0,1
7706,upi,SOFT_DECLINE,1,0.738,9,242,1,0
4365,wallet,SOFT_DECLINE,1,0.044,7,1867,0,0
2762,debit_card,CUSTOMER_ACTION_REQUIRED,2,0.581,16,303,0,0
2308,credit_card,HARD_DECLINE,1,0.851,25,834,0,0
1871,credit_card,SOFT_DECLINE,1,0.203,24,1607,0,1
421,debit_card,TRANSIENT,3,0.208,9,978,1,1
4716,upi,TRANSIENT,2,0.697,1,470,0,1
1149,credit_card,TRANSIENT,2,0.26,5,93,0,0
5362,upi,HARD_DECLINE,1,0.102,25,316,1,1
3809,credit_card,HARD_DECLINE,2,0.938,2,1222,0,0
5396,wallet,TRANSIENT,1,0.646,25,293,1,0
3753,credit_card,CUSTOMER_ACTION_REQUIRED,3,0.433,23,838,0,0
2714,debit_card,SOFT_DECLINE,3,0.275,14,1839,1,0
2176,upi,HARD_DECLINE,1,0.088,12,311,0,0
3036,credit_card,HARD_DECLINE,3,0.544,0,813,0,0
5520,debit_card,SOFT_DECLINE,1,0.18,10,1252,1,0
1459,credit_card,HARD_DECLINE,3,0.529,24,1226,0,0
2522,upi,TRANSIENT,3,0.056,7,1209,0,0
7577,net_banking,SOFT_DECLINE,2,0.176,18,681,0,0
1144,credit_card,CUSTOMER_ACTION_REQUIRED,1,0.563,6,1743,0,0
2779,debit_card,SOFT_DECLINE,1,0.09,7,1262,1,0
3396,net_banking,TRANSIENT,2,0.919,10,151,1,1
4261,upi,CUSTOMER_ACTION_REQUIRED,2,0.861,2,795,0,0
99,debit_card,HARD_DECLINE,2,0.437,20,1997,0,0
9125,upi,HARD_DECLINE,2,0.614,11,487,0,0
2568,upi,SOFT_DECLINE,1,0.702,18,831,0,0
4503,credit_card,HARD_DECLINE,1,0.809,19,482,0,1
5037,debit_card,SOFT_DECLINE,1,0.636,2,1712,0,0
4083,debit_card,CUSTOMER_ACTION_REQUIRED,1,0.25,2,747,1,1
2280,debit_card,TRANSIENT,2,0.493,12,749,0,1
3553,net_banking,SOFT_DECLINE,2,0.687,5,954,1,0
3936,debit_card,SOFT_DECLINE,1,0.375,23,183,0,0
2706,upi,TRANSIENT,2,0.483,0,913,0,1
4364,credit_card,CUSTOMER_ACTION_REQUIRED,1,0.697,23,1925,0,0
4007,credit_card,SOFT_DECLINE,1,0.572,15,344,1,1
978,net_banking,TRANSIENT,1,0.207,20,627,0,0
976,upi,TRANSIENT,1,0.895,8,216,0,1
3293,debit_card,SOFT_DECLINE,1,0.263,8,1185,1,0
3696,credit_card,HARD_DECLINE,1,0.541,24,1237,1,1
6722,debit_card,SOFT_DECLINE,3,0.573,7,1005,1,0
2183,credit_card,CUSTOMER_ACTION_REQUIRED,1,0.517,18,1417,0,1
4435,debit_card,UNKNOWN,1,0.193,1,897,1,0
2524,net_banking,TRANSIENT,1,0.595,10,1895,0,0
1666,upi,TRANSIENT,1,0.917,0,1640,0,1
1417,credit_card,HARD_DECLINE,1,0.567,18,1583,0,1
4119,upi,TRANSIENT,2,0.878,8,814,0,0
1899,credit_card,SOFT_DECLINE,1,0.618,21,1450,0,0
5703,upi,CUSTOMER_ACTION_REQUIRED,1,0.372,10,1704,0,0
3865,net_banking,CUSTOMER_ACTION_REQUIRED,2,0.972,7,305,1,0
2547,debit_card,HARD_DECLINE,1,0.442,13,1547,0,0
377,credit_card,SOFT_DECLINE,2,0.066,22,1067,0,0
5351,upi,SOFT_DECLINE,1,0.058,1,964,1,0
7525,debit_card,TRANSIENT,1,0.397,3,1425,1,1
5282,credit_card,HARD_DECLINE,1,0.164,8,1563,0,1
583,credit_card,TRANSIENT,2,0.78,6,1785,1,1
1982,upi,TRANSIENT,3,0.682,15,1896,1,1
2583,credit_card,CUSTOMER_ACTION_REQUIRED,2,0.943,22,1482,0,0
2964,debit_card,SOFT_DECLINE,2,0.824,12,1227,1,0
5803,net_banking,HARD_DECLINE,1,0.647,19,608,1,1
154,wallet,TRANSIENT,1,0.711,20,641,1,1
841,credit_card,TRANSIENT,2,0.81,12,1382,1,1
1460,debit_card,TRANSIENT,1,0.737,18,1480,0,0
8225,upi,SOFT_DECLINE,2,0.638,15,1886,0,0
1247,credit_card,SOFT_DECLINE,1,0.471,23,559,0,0
327,net_banking,CUSTOMER_ACTION_REQUIRED,2,0.654,7,757,1,0
703,net_banking,SOFT_DECLINE,1,0.118,1,1804,0,0
5394,debit_card,HARD_DECLINE,1,0.12,21,811,0,0
5287,credit_card,CUSTOMER_ACTION_REQUIRED,3,0.893,14,323,1,0
2889,debit_card,HARD_DECLINE,2,0.177,20,148,1,0
3263,credit_card,HARD_DECLINE,2,0.088,19,918,0,0
112,debit_card,UNKNOWN,1,0.199,11,1975,1,0
1441,credit_card,CUSTOMER_ACTION_REQUIRED,1,0.694,11,669,1,0
144,credit_card,HARD_DECLINE,2,0.298,9,963,0,0
5289,net_banking,SOFT_DECLINE,3,0.359,6,367,0,0
2934,credit_card,SOFT_DECLINE,2,0.131,23,74,0,1
7973,upi,SOFT_DECLINE,1,0.535,1,1246,0,0
4189,credit_card,HARD_DECLINE,2,0.417,12,283,0,0
1554,upi,TRANSIENT,2,0.662,8,1305,0,1
1454,credit_card,CUSTOMER_ACTION_REQUIRED,2,0.118,3,1637,1,0
1339,credit_card,TRANSIENT,2,0.295,1,1152,0,1
2756,debit_card,UNKNOWN,1,0.672,3,1740,0,0
6571,upi,UNKNOWN,3,0.644,14,636,1,1
4821,net_banking,CUSTOMER_ACTION_REQUIRED,2,0.36,21,670,0,1
4362,net_banking,CUSTOMER_ACTION_REQUIRED,2,0.329,14,1986,0,0
3082,net_banking,TRANSIENT,1,0.401,14,586,0,0
4139,debit_card,SOFT_DECLINE,1,0.726,5,242,0,0
2009,upi,CUSTOMER_ACTION_REQUIRED,1,0.38,11,1282,1,0
6833,wallet,CUSTOMER_ACTION_REQUIRED,1,0.411,1,159,1,0
7115,upi,HARD_DECLINE,2,0.577,18,488,0,0
2658,debit_card,SOFT_DECLINE,2,0.249,11,1389,0,0
1934,upi,CUSTOMER_ACTION_REQUIRED,3,0.055,20,1943,1,0
5592,net_banking,CUSTOMER_ACTION_REQUIRED,1,0.97,1,1068,1,0
4318,credit_card,SOFT_DECLINE,1,0.801,14,210,0,0
2336,debit_card,TRANSIENT,1,0.557,0,1721,1,1
2044,debit_card,HARD_DECLINE,1,0.207,21,964,0,0
99,credit_card,TRANSIENT,2,0.473,21,774,0,1
3904,credit_card,HARD_DECLINE,1,0.83,25,627,0,0
1638,net_banking,TRANSIENT,2,0.409,8,1281,1,1
3221,credit_card,CUSTOMER_ACTION_REQUIRED,2,0.191,10,250,0,1
6769,upi,HARD_DECLINE,1,0.589,16,305,0,1
6685,upi,HARD_DECLINE,1,0.585,16,1629,0,0
4712,upi,HARD_DECLINE,2,0.883,16,1835,0,0
4786,upi,CUSTOMER_ACTION_REQUIRED,1,0.964,9,957,0,1
1797,net_banking,HARD_DECLINE,1,0.314,23,1945,0,0
2628,upi,TRANSIENT,2,0.921,4,1484,0,0
2456,upi,SOFT_DECLINE,1,0.48,18,1960,0,0
4112,net_banking,HARD_DECLINE,1,0.847,25,56,0,1
4289,upi,TRANSIENT,1,0.287,8,329,0,0
6959,upi,SOFT_DECLINE,1,0.814,3,1291,0,0
1293,upi,CUSTOMER_ACTION_REQUIRED,2,0.799,9,1449,0,0
2308,wallet,SOFT_DECLINE,3,0.313,17,140,1,0
6224,upi,HARD_DECLINE,3,0.705,20,783,0,0
428,upi,HARD_DECLINE,3,0.294,5,1428,1,0
4957,credit_card,HARD_DECLINE,1,0.161,8,41,1,0
3510,credit_card,TRANSIENT,1,0.051,20,1290,0,1
6516,upi,HARD_DECLINE,1,0.957,16,169,0,1
4733,debit_card,SOFT_DECLINE,1,0.883,21,709,1,1
169,upi,UNKNOWN,2,0.649,3,1399,1,0
3504,net_banking,HARD_DECLINE,1,0.04,10,811,0,0
1872,debit_card,SOFT_DECLINE,2,0.375,25,1071,0,1
8386,credit_card,CUSTOMER_ACTION_REQUIRED,1,0.948,5,1988,0,0
1811,credit_card,HARD_DECLINE,2,0.836,6,1131,0,0
1741,debit_card,HARD_DECLINE,2,0.072,21,344,1,0
3832,credit_card,TRANSIENT,1,0.822,8,864,0,1
4713,credit_card,SOFT_DECLINE,2,0.535,20,1505,0,0
8149,upi,HARD_DECLINE,1,0.787,9,1272,1,0
5526,debit_card,SOFT_DECLINE,2,0.474,17,480,1,0
4350,debit_card,HARD_DECLINE,2,0.914,25,1805,0,0
2654,upi,UNKNOWN,1,0.123,0,1202,0,0
2942,debit_card,UNKNOWN,1,0.413,20,1773,0,1
2406,net_banking,TRANSIENT,1,0.181,25,1191,0,0
99,wallet,UNKNOWN,1,0.067,3,434,0,0
3760,credit_card,SOFT_DECLINE,2,0.1,19,172,0,0
1864,upi,SOFT_DECLINE,1,0.364,10,1993,0,1
6111,credit_card,TRANSIENT,2,0.436,11,305,0,1
3447,debit_card,SOFT_DECLINE,1,0.646,2,1753,1,0
146,credit_card,CUSTOMER_ACTION_REQUIRED,2,0.627,23,184,0,0
765,net_banking,HARD_DECLINE,1,0.037,8,1143,0,0
963,credit_card,HARD_DECLINE,1,0.891,18,1531,0,1
2760,credit_card,SOFT_DECLINE,1,0.964,19,1431,1,1
3275,credit_card,SOFT_DECLINE,3,0.659,4,1537,0,0
3224,upi,TRANSIENT,1,0.669,16,1889,0,1
4946,net_banking,CUSTOMER_ACTION_REQUIRED,1,0.649,3,1471,0,0
139,upi,SOFT_DECLINE,1,0.379,18,1368,0,1
1459,wallet,SOFT_DECLINE,1,0.406,11,1027,0,0
1319,net_banking,TRANSIENT,1,0.281,4,412,1,1
3666,upi,CUSTOMER_ACTION_REQUIRED,1,0.33,3,1016,0,0
1416,upi,HARD_DECLINE,1,0.592,4,1319,0,0
3992,credit_card,TRANSIENT,3,0.517,12,1257,0,0
5626,upi,CUSTOMER_ACTION_REQUIRED,1,0.607,15,1806,0,0
2466,credit_card,SOFT_DECLINE,1,0.767,19,1380,0,1
2224,net_banking,HARD_DECLINE,1,0.132,0,444,0,0
2461,net_banking,HARD_DECLINE,2,0.177,19,1258,1,0
1687,credit_card,SOFT_DECLINE,2,0.828,24,1419,0,0
3147,credit_card,SOFT_DECLINE,1,0.229,25,1017,0,0
3279,upi,HARD_DECLINE,1,0.134,15,1598,1,0
851,net_banking,SOFT_DECLINE,1,0.189,22,1552,0,0
846,credit_card,TRANSIENT,1,0.362,4,902,0,1
148,debit_card,CUSTOMER_ACTION_REQUIRED,1,0.276,21,843,0,0
819,debit_card,HARD_DECLINE,1,0.307,11,1615,0,0
5315,upi,CUSTOMER_ACTION_REQUIRED,2,0.447,22,1974,1,0
670,debit_card,SOFT_DECLINE,2,0.161,20,40,0,0
1792,upi,SOFT_DECLINE,1,0.263,11,193,0,0
1858,debit_card,UNKNOWN,3,0.057,24,1709,1,0
1292,net_banking,TRANSIENT,3,0.518,6,98,0,0
1915,upi,HARD_DECLINE,2,0.976,2,595,0,0
903,upi,SOFT_DECLINE,1,0.737,2,1912,1,1
715,net_banking,CUSTOMER_ACTION_REQUIRED,1,0.606,6,961,0,0
8244,debit_card,SOFT_DECLINE,1,0.072,9,726,0,0
4263,net_banking,UNKNOWN,2,0.966,18,1020,0,0
99,debit_card,UNKNOWN,1,0.587,0,1017,1,1
2198,wallet,HARD_DECLINE,1,0.955,16,1127,1,0
1380,credit_card,TRANSIENT,2,0.821,2,1165,0,1
2275,net_banking,SOFT_DECLINE,2,0.91,15,1539,1,0
9018,credit_card,CUSTOMER_ACTION_REQUIRED,1,0.25,19,759,1,1
1215,upi,UNKNOWN,2,0.541,1,1766,0,0
99,wallet,SOFT_DECLINE,2,0.869,15,404,0,0
2260,credit_card,SOFT_DECLINE,2,0.478,17,96,0,0
2613,credit_card,HARD_DECLINE,3,0.698,14,676,0,1
1428,upi,TRANSIENT,1,0.549,7,581,0,1
6064,debit_card,SOFT_DECLINE,1,0.701,11,777,0,1
1399,credit_card,TRANSIENT,1,0.27,7,1167,0,1
2173,wallet,TRANSIENT,1,0.806,5,893,0,0
2193,debit_card,CUSTOMER_ACTION_REQUIRED,1,0.562,18,127,0,0
1310,net_banking,TRANSIENT,1,0.63,14,1554,1,1
2975,net_banking,HARD_DECLINE,1,0.867,19,437,0,0
3499,wallet,SOFT_DECLINE,1,0.325,16,1028,0,0
3100,upi,TRANSIENT,2,0.641,10,893,0,0
4413,credit_card,CUSTOMER_ACTION_REQUIRED,1,0.228,10,1367,1,0
1687,credit_card,HARD_DECLINE,1,0.587,14,877,1,0
4690,credit_card,TRANSIENT,1,0.744,23,193,1,1
2180,net_banking,TRANSIENT,2,0.524,2,242,1,1
3139,net_banking,HARD_DECLINE,1,0.247,9,937,0,0
435,credit_card,CUSTOMER_ACTION_REQUIRED,1,0.476,17,1944,1,0
1246,upi,UNKNOWN,1,0.598,20,1563,0,0
2154,upi,SOFT_DECLINE,1,0.805,14,660,0,1
5148,credit_card,SOFT_DECLINE,2,0.848,11,617,0,1
2664,net_banking,UNKNOWN,1,0.293,7,1661,1,0
3048,upi,SOFT_DECLINE,1,0.163,23,1352,0,0
3278,debit_card,SOFT_DECLINE,3,0.808,21,586,1,0
7242,debit_card,CUSTOMER_ACTION_REQUIRED,2,0.182,9,256,0,0
3188,upi,SOFT_DECLINE,1,0.535,5,239,1,1
3457,credit_card,SOFT_DECLINE,1,0.015,6,730,0,0
2792,debit_card,SOFT_DECLINE,1,0.751,4,144,1,1
2400,credit_card,SOFT_DECLINE,2,0.25,12,1726,1,0
4860,debit_card,HARD_DECLINE,3,0.199,23,1608,1,0
2704,debit_card,TRANSIENT,3,0.936,5,1318,0,0
908,credit_card,SOFT_DECLINE,1,0.052,21,476,0,1
3247,credit_card,SOFT_DECLINE,2,0.585,12,1646,1,0
2452,upi,HARD_DECLINE,2,0.249,15,217,0,0
1656,upi,UNKNOWN,1,0.356,4,1466,0,1
357,debit_card,SOFT_DECLINE,1,0.892,23,425,1,1
1710,credit_card,HARD_DECLINE,1,0.707,17,633,0,0
1744,debit_card,HARD_DECLINE,2,0.599,17,358,1,0
5514,credit_card,SOFT_DECLINE,1,0.001,20,1066,0,1
3300,net_banking,TRANSIENT,2,0.658,17,1707,0,0
1177,upi,SOFT_DECLINE,2,0.323,20,689,1,0
6485,net_banking,TRANSIENT,1,0.485,3,95,0,0
6700,debit_card,HARD_DECLINE,2,0.256,11,482,0,1
2242,credit_card,UNKNOWN,1,0.801,1,769,0,0
3283,debit_card,SOFT_DECLINE,2,0.824,8,1113,1,1
4095,net_banking,SOFT_DECLINE,2,0.532,6,425,0,1
2722,credit_card,HARD_DECLINE,2,0.415,3,1599,0,0
4119,upi,SOFT_DECLINE,1,0.402,10,1376,1,0
1985,debit_card,SOFT_DECLINE,1,0.991,10,1760,0,0
500,upi,SOFT_DECLINE,1,0.766,23,550,0,0
973,credit_card,UNKNOWN,1,0.284,0,1090,1,0
3476,wallet,TRANSIENT,2,0.943,8,1912,0,1
5121,credit_card,UNKNOWN,1,0.356,4,572,0,0
5116,net_banking,TRANSIENT,3,0.734,23,694,0,1
4378,upi,CUSTOMER_ACTION_REQUIRED,1,0.908,19,1345,1,0
7029,credit_card,HARD_DECLINE,1,0.817,13,1935,0,0
4477,upi,TRANSIENT,2,0.011,24,1324,0,0
4742,debit_card,TRANSIENT,1,0.051,23,834,0,0
5385,credit_card,HARD_DECLINE,1,0.786,4,300,1,0
2801,debit_card,HARD_DECLINE,1,0.698,24,306,0,0
5513,upi,SOFT_DECLINE,1,0.997,16,534,1,1
1915,upi,SOFT_DECLINE,1,0.365,6,686,1,0
2438,credit_card,HARD_DECLINE,1,0.822,25,935,0,0
2424,credit_card,UNKNOWN,2,0.086,23,141,1,0
1662,net_banking,TRANSIENT,1,0.343,25,257,1,1
3745,upi,SOFT_DECLINE,2,0.549,19,1524,0,0
6053,debit_card,HARD_DECLINE,3,0.527,8,378,1,0
2879,credit_card,HARD_DECLINE,1,0.66,21,1775,0,0
4315,credit_card,TRANSIENT,2,0.387,12,1071,0,1
1425,net_banking,SOFT_DECLINE,1,0.458,22,74,1,0
2683,debit_card,SOFT_DECLINE,2,0.018,21,750,0,0
2855,wallet,UNKNOWN,1,0.387,0,1963,0,0
3882,net_banking,TRANSIENT,2,0.088,12,1096,0,0
3087,credit_card,HARD_DECLINE,3,0.91,10,949,0,0
4436,debit_card,TRANSIENT,2,0.863,9,1440,0,1
4383,wallet,TRANSIENT,3,0.917,10,168,0,0
2787,debit_card,TRANSIENT,2,0.727,24,682,0,1
7845,debit_card,SOFT_DECLINE,3,0.274,24,414,1,0
858,upi,HARD_DECLINE,1,0.567,7,1251,1,0
99,upi,SOFT_DECLINE,2,0.712,11,406,0,0
3432,credit_card,TRANSIENT,1,0.765,0,1925,1,1
3045,wallet,HARD_DECLINE,3,0.986,19,1033,0,0
2076,debit_card,CUSTOMER_ACTION_REQUIRED,2,0.608,12,1504,1,0
2042,upi,HARD_DECLINE,2,0.521,14,965,0,1
2193,debit_card,UNKNOWN,1,0.735,17,823,0,0
1291,credit_card,TRANSIENT,2,0.461,13,632,0,1
4273,credit_card,SOFT_DECLINE,2,0.452,23,1055,1,0
4704,upi,UNKNOWN,1,0.179,18,1866,0,0
4940,credit_card,SOFT_DECLINE,2,0.907,25,365,0,1
1015,debit_card,TRANSIENT,1,0.791,16,1283,0,1
5310,upi,SOFT_DECLINE,3,0.565,21,1796,1,0
1117,upi,TRANSIENT,2,0.446,20,400,1,1
4041,upi,TRANSIENT,1,0.459,15,1143,0,0
1519,credit_card,SOFT_DECLINE,1,0.601,0,531,0,1
683,net_banking,HARD_DECLINE,1,0.185,1,1367,1,0
1213,upi,TRANSIENT,1,0.109,5,360,0,0
1645,upi,HARD_DECLINE,2,0.177,14,1564,0,0
1345,credit_card,TRANSIENT,1,0.427,17,162,1,1
4793,credit_card,HARD_DECLINE,1,0.525,22,458,0,1
5865,upi,HARD_DECLINE,2,0.934,22,618,0,0
2768,upi,SOFT_DECLINE,2,0.927,19,1182,0,0
4354,net_banking,SOFT_DECLINE,1,0.194,3,79,0,0
1785,credit_card,HARD_DECLINE,2,0.415,1,713,1,0
2294,upi,TRANSIENT,1,0.3,17,693,0,1
1218,debit_card,SOFT_DECLINE,1,0.96,5,427,1,1
4053,net_banking,HARD_DECLINE,1,0.627,17,1864,1,0
443,upi,SOFT_DECLINE,2,0.299,23,1418,1,0
4602,upi,TRANSIENT,1,0.97,8,1751,1,0
1980,net_banking,HARD_DECLINE,1,0.39,19,269,0,0
5533,debit_card,HARD_DECLINE,1,0.238,14,1728,0,0
3510,credit_card,SOFT_DECLINE,2,0.778,2,938,0,0
1458,credit_card,CUSTOMER_ACTION_REQUIRED,2,0.31,10,323,0,1
5425,debit_card,UNKNOWN,3,0.205,1,970,0,0
7669,debit_card,TRANSIENT,2,0.333,1,241,0,0
4325,upi,SOFT_DECLINE,1,0.892,10,440,1,1
4050,debit_card,SOFT_DECLINE,1,0.015,19,1176,0,1
3957,debit_card,SOFT_DECLINE,1,0.704,9,1205,1,1
1762,debit_card,HARD_DECLINE,1,0.675,3,815,1,0
3457,upi,TRANSIENT,1,0.836,22,943,0,1
1527,upi,CUSTOMER_ACTION_REQUIRED,3,0.756,14,1192,1,0
286,debit_card,CUSTOMER_ACTION_REQUIRED,1,0.684,22,1599,0,0
1097,net_banking,TRANSIENT,1,0.7,21,706,0,0
702,credit_card,SOFT_DECLINE,1,0.351,14,1762,1,0
6680,credit_card,HARD_DECLINE,2,0.326,20,175,0,0
5778,debit_card,SOFT_DECLINE,2,0.548,15,816,1,1
6210,debit_card,HARD_DECLINE,1,0.694,5,1387,0,0
2598,net_banking,HARD_DECLINE,1,0.596,10,1166,1,0
100,debit_card,SOFT_DECLINE,1,0.82,10,1042,0,1
798,credit_card,TRANSIENT,1,0.755,25,30,0,0
964,credit_card,SOFT_DECLINE,1,0.877,9,1197,0,0
1192,net_banking,CUSTOMER_ACTION_REQUIRED,2,0.915,2,1223,1,0
2342,credit_card,SOFT_DECLINE,1,0.053,22,1176,0,0
5308,net_banking,CUSTOMER_ACTION_REQUIRED,1,0.702,12,1310,1,0
1517,debit_card,SOFT_DECLINE,1,0.385,11,1750,0,1
580,credit_card,CUSTOMER_ACTION_REQUIRED,1,0.648,4,1507,0,0
5946,credit_card,UNKNOWN,2,0.894,22,1267,0,0
6437,debit_card,SOFT_DECLINE,2,0.385,7,410,0,1
2533,upi,SOFT_DECLINE,3,0.576,1,107,0,0
1075,debit_card,TRANSIENT,2,0.142,23,1108,0,0
7629,debit_card,HARD_DECLINE,1,0.472,23,1389,0,1
5478,upi,HARD_DECLINE,1,0.053,10,1125,0,0
2734,debit_card,SOFT_DECLINE,3,0.798,9,373,1,0
399,upi,HARD_DECLINE,1,0.061,15,1214,1,1
1540,net_banking,UNKNOWN,1,0.506,25,599,1,0
1552,credit_card,SOFT_DECLINE,2,0.604,18,1543,1,0
2123,credit_card,CUSTOMER_ACTION_REQUIRED,2,0.862,10,202,0,0
256,net_banking,CUSTOMER_ACTION_REQUIRED,2,0.413,12,517,0,0
3455,upi,TRANSIENT,1,0.82,1,373,0,1
2299,net_banking,SOFT_DECLINE,3,0.234,21,1475,0,0
1922,debit_card,SOFT_DECLINE,1,0.316,16,1428,0,1
7334,debit_card,SOFT_DECLINE,2,0.61,20,1787,1,1
599,credit_card,CUSTOMER_ACTION_REQUIRED,2,0.242,21,1235,0,0
1597,wallet,HARD_DECLINE,1,0.011,0,1733,1,0
607,upi,SOFT_DECLINE,1,0.034,19,218,1,0
6228,credit_card,CUSTOMER_ACTION_REQUIRED,1,0.122,3,206,0,1
2979,net_banking,HARD_DECLINE,2,0.696,8,633,0,0
364,net_banking,HARD_DECLINE,1,0.427,21,1606,0,0
5291,credit_card,HARD_DECLINE,3,0.258,8,394,0,0
3947,upi,UNKNOWN,1,0.492,4,1137,0,1
2748,net_banking,HARD_DECLINE,1,0.571,8,1621,0,0
1860,upi,TRANSIENT,3,0.665,8,340,0,0
5699,debit_card,HARD_DECLINE,1,0.844,24,1693,0,0
1929,wallet,TRANSIENT,2,0.482,18,1126,0,1
1256,debit_card,HARD_DECLINE,1,0.535,10,194,0,0
1664,credit_card,SOFT_DECLINE,1,0.968,21,421,1,1
2183,upi,TRANSIENT,1,0.189,1,425,1,0
3440,debit_card,TRANSIENT,2,0.643,15,1123,0,0
1792,credit_card,UNKNOWN,2,0.406,6,1682,0,0
4921,net_banking,UNKNOWN,1,0.741,7,1924,1,0
5896,credit_card,SOFT_DECLINE,1,0.649,0,382,0,0
1089,credit_card,CUSTOMER_ACTION_REQUIRED,2,0.835,2,1704,0,1
4551,upi,HARD_DECLINE,1,0.836,23,1419,0,1
3649,debit_card,HARD_DECLINE,1,0.965,6,1595,1,1
3071,credit_card,TRANSIENT,1,0.165,7,1925,0,1
1485,upi,HARD_DECLINE,1,0.158,15,195,1,0
4966,upi,TRANSIENT,2,0.773,22,289,1,0
1308,debit_card,SOFT_DECLINE,3,0.611,1,1251,1,0
3469,upi,UNKNOWN,1,0.236,3,1115,0,0
736,wallet,CUSTOMER_ACTION_REQUIRED,1,0.464,20,1380,1,1
6059,credit_card,TRANSIENT,1,0.16,1,140,0,1
1576,debit_card,SOFT_DECLINE,2,0.758,1,243,0,0
1763,upi,TRANSIENT,2,0.721,18,1217,1,1
3116,debit_card,HARD_DECLINE,2,0.326,3,515,0,0
170,credit_card,SOFT_DECLINE,2,0.145,19,961,1,0
3521,credit_card,SOFT_DECLINE,1,0.27,10,290,1,0
458,credit_card,SOFT_DECLINE,2,0.22,9,1266,1,0
3559,net_banking,UNKNOWN,1,0.553,7,207,0,0
251,credit_card,CUSTOMER_ACTION_REQUIRED,1,0.428,7,537,1,0
3462,upi,CUSTOMER_ACTION_REQUIRED,1,0.574,0,885,0,1
6008,upi,SOFT_DECLINE,1,0.798,3,956,0,1
3645,upi,HARD_DECLINE,1,0.218,11,635,1,0
4458,upi,TRANSIENT,1,0.584,14,979,0,0
5357,upi,SOFT_DECLINE,1,0.464,20,32,0,1
5578,debit_card,CUSTOMER_ACTION_REQUIRED,1,0.946,17,1208,0,0
3537,net_banking,TRANSIENT,2,0.055,21,775,0,1
1969,upi,SOFT_DECLINE,1,0.067,22,1614,1,0
4160,credit_card,TRANSIENT,1,0.939,18,1814,0,1
1813,credit_card,HARD_DECLINE,2,0.277,2,793,1,0
4575,credit_card,SOFT_DECLINE,2,0.678,17,1872,1,0
5146,net_banking,HARD_DECLINE,1,0.892,14,208,1,0
2544,wallet,SOFT_DECLINE,1,0.276,22,333,0,0
1229,upi,SOFT_DECLINE,1,0.132,11,890,0,0
9365,credit_card,SOFT_DECLINE,2,0.232,16,1350,1,0
687,upi,HARD_DECLINE,1,0.548,14,652,0,0
3321,upi,SOFT_DECLINE,1,0.372,9,1606,0,1
1912,wallet,SOFT_DECLINE,1,0.182,5,1748,0,0
1996,credit_card,HARD_DECLINE,1,0.994,18,289,0,0
495,upi,TRANSIENT,1,0.448,5,1122,1,0
2958,debit_card,SOFT_DECLINE,1,0.458,10,349,1,0
2217,debit_card,UNKNOWN,1,0.944,18,1395,1,0
276,debit_card,CUSTOMER_ACTION_REQUIRED,2,0.732,1,315,0,1
3435,upi,TRANSIENT,1,0.608,6,1224,0,0
5310,credit_card,HARD_DECLINE,1,0.849,21,1405,0,0
614,debit_card,SOFT_DECLINE,1,0.667,12,332,0,0
1192,credit_card,SOFT_DECLINE,1,0.308,14,1820,0,1
668,upi,CUSTOMER_ACTION_REQUIRED,1,0.728,13,1522,0,1
4366,credit_card,HARD_DECLINE,1,0.475,16,716,1,0
1670,credit_card,HARD_DECLINE,1,0.556,22,1193,0,0
5986,debit_card,TRANSIENT,1,0.042,9,1739,0,0
3370,credit_card,HARD_DECLINE,1,0.641,20,997,1,0
1602,credit_card,SOFT_DECLINE,3,0.645,0,274,0,0
1152,upi,UNKNOWN,1,0.258,21,1004,0,0
5184,upi,SOFT_DECLINE,1,0.26,18,149,1,0
5237,debit_card,HARD_DECLINE,2,0.955,1,623,1,0
3772,credit_card,TRANSIENT,2,0.765,19,1571,1,1
3613,net_banking,SOFT_DECLINE,2,0.363,17,1217,0,1
1107,credit_card,TRANSIENT,2,0.412,5,239,1,0
567,upi,CUSTOMER_ACTION_REQUIRED,3,0.846,22,1158,0,0
1622,net_banking,SOFT_DECLINE,1,0.131,0,1012,1,0
6033,debit_card,TRANSIENT,3,0.172,9,88,0,1
2762,upi,TRANSIENT,2,0.307,6,296,0,0
5856,credit_card,HARD_DECLINE,1,0.196,1,1654,0,0
3339,net_banking,SOFT_DECLINE,1,0.302,0,1575,1,1
4150,upi,HARD_DECLINE,1,0.146,23,1958,1,0
6543,net_banking,SOFT_DECLINE,2,0.613,16,1197,1,0
1624,debit_card,HARD_DECLINE,1,0.754,0,1515,1,0
3304,upi,SOFT_DECLINE,1,0.589,14,1409,0,1
3399,debit_card,SOFT_DECLINE,1,0.985,3,984,1,1
4751,upi,HARD_DECLINE,1,0.041,10,1041,1,0
5678,debit_card,HARD_DECLINE,1,0.291,13,416,0,0
2596,net_banking,CUSTOMER_ACTION_REQUIRED,1,0.013,21,1036,0,0
4834,upi,SOFT_DECLINE,2,0.978,23,1924,0,1
4706,credit_card,SOFT_DECLINE,1,0.844,12,281,1,1
3336,upi,SOFT_DECLINE,2,0.801,12,759,0,0
338,debit_card,SOFT_DECLINE,1,0.768,3,280,1,1
3667,credit_card,HARD_DECLINE,1,0.678,5,813,0,0
3482,upi,SOFT_DECLINE,2,0.661,16,1601,0,0
124,debit_card,SOFT_DECLINE,2,0.541,0,1980,0,0
2905,credit_card,CUSTOMER_ACTION_REQUIRED,1,0.853,14,971,1,1
4121,upi,HARD_DECLINE,1,0.312,12,1028,0,0
2007,upi,SOFT_DECLINE,1,0.47,17,1779,1,1
297,upi,SOFT_DECLINE,2,0.284,1,87,0,1
5608,net_banking,SOFT_DECLINE,1,0.765,20,728,0,0
4754,debit_card,UNKNOWN,1,0.312,2,1894,0,0
3649,credit_card,TRANSIENT,1,0.037,21,1798,0,0
2479,credit_card,SOFT_DECLINE,1,0.57,10,1202,1,1
3100,credit_card,HARD_DECLINE,1,0.811,21,725,1,0
1455,credit_card,UNKNOWN,1,0.85,6,618,1,1
2081,net_banking,HARD_DECLINE,2,0.958,22,1758,0,0
411,upi,SOFT_DECLINE,1,0.077,9,1063,0,0
2488,credit_card,SOFT_DECLINE,1,0.625,14,1405,0,1
5132,upi,TRANSIENT,1,0.962,23,1951,0,0
509,upi,SOFT_DECLINE,2,0.434,18,1518,0,0
5225,credit_card,SOFT_DECLINE,1,0.435,10,1791,0,1
6082,debit_card,TRANSIENT,2,0.646,8,1436,0,1
3129,credit_card,TRANSIENT,1,0.56,13,894,0,1
7682,credit_card,TRANSIENT,1,0.804,21,1157,1,0
7915,debit_card,UNKNOWN,1,0.602,2,1874,0,0
3618,net_banking,HARD_DECLINE,1,0.84,4,513,1,0
5910,debit_card,UNKNOWN,3,0.252,2,517,0,0
2375,net_banking,SOFT_DECLINE,2,0.806,23,513,0,1
2606,credit_card,TRANSIENT,2,0.056,17,797,0,1
5531,debit_card,SOFT_DECLINE,1,0.278,25,1948,1,0
315,debit_card,SOFT_DECLINE,1,0.739,25,1956,1,0
1296,credit_card,HARD_DECLINE,1,0.639,22,773,0,0
2706,credit_card,SOFT_DECLINE,3,0.928,8,646,1,0
3111,credit_card,TRANSIENT,2,0.916,20,679,0,0
6109,credit_card,SOFT_DECLINE,3,0.471,13,1927,0,0
462,net_banking,CUSTOMER_ACTION_REQUIRED,2,0.698,16,165,0,0
2436,upi,CUSTOMER_ACTION_REQUIRED,1,0.642,20,938,0,1
3170,upi,SOFT_DECLINE,1,0.082,5,541,0,0
5176,upi,CUSTOMER_ACTION_REQUIRED,2,0.319,15,1818,0,0
119,net_banking,HARD_DECLINE,2,0.199,13,782,1,0
3970,net_banking,UNKNOWN,3,0.647,20,498,0,0
9003,upi,TRANSIENT,1,0.401,13,1259,1,1
5947,net_banking,SOFT_DECLINE,1,0.92,14,1724,0,1
5676,credit_card,HARD_DECLINE,2,0.782,9,1558,0,0
5038,upi,CUSTOMER_ACTION_REQUIRED,2,0.418,13,1652,1,0
2938,upi,SOFT_DECLINE,3,0.37,21,1355,0,1
1665,debit_card,TRANSIENT,2,0.708,23,1253,1,1
568,debit_card,TRANSIENT,1,0.908,19,1953,0,0
5961,net_banking,HARD_DECLINE,1,0.978,21,789,1,0
3099,credit_card,TRANSIENT,1,0.493,10,1827,0,1
2858,debit_card,HARD_DECLINE,3,0.499,8,1561,0,0
5162,credit_card,CUSTOMER_ACTION_REQUIRED,2,0.927,16,671,0,1
6028,debit_card,HARD_DECLINE,3,0.637,14,138,1,1
2016,debit_card,TRANSIENT,1,0.467,3,1863,0,1
99,upi,SOFT_DECLINE,2,0.867,3,745,1,0
3270,credit_card,TRANSIENT,1,0.273,21,1229,1,0
5376,upi,TRANSIENT,1,0.498,3,1847,1,1
8097,credit_card,UNKNOWN,1,0.929,3,1744,1,1
489,upi,SOFT_DECLINE,1,0.658,10,119,0,0
3444,upi,SOFT_DECLINE,2,0.957,18,294,1,1
3899,debit_card,HARD_DECLINE,3,0.381,12,552,1,0
3327,credit_card,CUSTOMER_ACTION_REQUIRED,2,0.163,24,854,1,0
343,credit_card,HARD_DECLINE,2,0.31,21,1265,1,0
3152,debit_card,CUSTOMER_ACTION_REQUIRED,1,0.885,15,579,0,0
986,net_banking,HARD_DECLINE,1,0.04,10,979,0,0
1250,net_banking,HARD_DECLINE,1,0.647,2,625,0,1
6777,debit_card,CUSTOMER_ACTION_REQUIRED,1,0.249,13,635,0,0
2623,debit_card,CUSTOMER_ACTION_REQUIRED,1,0.413,14,1383,0,0
3052,upi,SOFT_DECLINE,2,0.463,25,403,0,1
2550,upi,SOFT_DECLINE,1,0.724,24,1402,0,0
3633,net_banking,SOFT_DECLINE,1,0.982,8,1815,0,1
1399,debit_card,TRANSIENT,1,0.656,14,1446,0,0
1508,upi,HARD_DECLINE,2,0.691,22,1412,0,0
7329,credit_card,TRANSIENT,1,0.016,6,1789,1,0
5702,credit_card,TRANSIENT,1,0.086,24,979,1,1
1136,net_banking,TRANSIENT,2,0.445,15,995,1,0
4193,credit_card,TRANSIENT,1,0.103,22,914,0,0
811,upi,HARD_DECLINE,1,0.291,15,848,0,0
4176,upi,HARD_DECLINE,2,0.528,13,1210,1,1
357,debit_card,CUSTOMER_ACTION_REQUIRED,1,0.495,20,740,0,0
365,upi,TRANSIENT,1,0.588,21,724,0,0
3515,debit_card,HARD_DECLINE,2,0.723,12,1995,0,0
3550,debit_card,HARD_DECLINE,1,0.207,22,1564,1,0
4150,credit_card,TRANSIENT,1,0.793,15,651,1,1
2744,debit_card,UNKNOWN,1,0.859,16,95,0,0
6749,credit_card,TRANSIENT,1,0.486,10,1637,0,1
5226,credit_card,CUSTOMER_ACTION_REQUIRED,1,0.669,22,133,0,0
6112,net_banking,SOFT_DECLINE,1,0.106,19,1278,0,0
5779,credit_card,CUSTOMER_ACTION_REQUIRED,2,0.911,5,1521,1,0
5167,upi,SOFT_DECLINE,1,0.647,10,1707,1,0
3223,debit_card,SOFT_DECLINE,2,0.341,16,380,1,0
1137,debit_card,HARD_DECLINE,2,0.152,24,1114,0,0
667,debit_card,CUSTOMER_ACTION_REQUIRED,2,0.795,11,1962,1,1
4494,net_banking,TRANSIENT,3,0.085,10,852,0,1
1084,upi,TRANSIENT,3,0.058,20,1490,0,0
99,debit_card,UNKNOWN,2,0.701,9,1507,0,0
2539,credit_card,TRANSIENT,2,0.446,6,1847,0,0
2022,upi,HARD_DECLINE,2,0.782,12,1618,1,0
2360,debit_card,TRANSIENT,1,0.992,9,467,1,1
1053,upi,SOFT_DECLINE,1,0.028,25,1135,0,0
4205,upi,HARD_DECLINE,1,0.373,20,1069,0,1
2900,credit_card,HARD_DECLINE,1,0.737,14,724,0,0
5768,upi,UNKNOWN,1,0.596,11,642,1,0
834,upi,HARD_DECLINE,2,0.52,7,245,1,0
6218,debit_card,CUSTOMER_ACTION_REQUIRED,2,0.082,1,900,0,0
5276,debit_card,SOFT_DECLINE,1,0.588,16,1625,0,1
2376,debit_card,SOFT_DECLINE,1,0.973,5,325,0,1
5125,wallet,SOFT_DECLINE,1,0.529,22,465,0,1
4108,upi,TRANSIENT,2,0.11,11,1200,1,0
2406,debit_card,TRANSIENT,1,0.294,0,1650,1,0
2306,net_banking,SOFT_DECLINE,1,0.74,0,280,0,1
4919,debit_card,TRANSIENT,1,0.452,10,1630,0,0
5292,credit_card,CUSTOMER_ACTION_REQUIRED,2,0.667,4,1804,0,1
5719,upi,HARD_DECLINE,1,0.9,10,1137,1,0
4277,credit_card,SOFT_DECLINE,1,0.63,24,1478,1,0
3794,credit_card,HARD_DECLINE,3,0.542,24,138,0,0
6638,debit_card,HARD_DECLINE,1,0.962,8,1641,1,0
3428,upi,CUSTOMER_ACTION_REQUIRED,1,0.534,10,852,0,0
3233,debit_card,UNKNOWN,1,0.382,2,264,0,0
3499,credit_card,SOFT_DECLINE,2,0.154,13,1419,1,0
5319,credit_card,SOFT_DECLINE,1,0.413,10,558,0,0
3893,credit_card,TRANSIENT,2,0.586,15,1071,0,1
506,credit_card,TRANSIENT,1,0.407,7,1901,0,1
3560,upi,UNKNOWN,1,0.555,25,287,1,0
4890,upi,TRANSIENT,1,0.985,25,532,0,1
9278,debit_card,CUSTOMER_ACTION_REQUIRED,1,0.465,19,622,0,1
2722,net_banking,TRANSIENT,2,0.999,20,465,0,0
4879,upi,TRANSIENT,1,0.301,12,1460,1,1
123,credit_card,HARD_DECLINE,3,0.318,21,1966,1,0
4423,debit_card,HARD_DECLINE,1,0.983,10,461,0,0
2903,upi,TRANSIENT,1,0.901,21,385,0,0
2872,upi,HARD_DECLINE,1,0.787,20,1363,1,1
1905,upi,CUSTOMER_ACTION_REQUIRED,2,0.827,11,822,1,0
939,credit_card,HARD_DECLINE,1,0.936,14,49,1,1
2319,net_banking,SOFT_DECLINE,2,0.303,22,482,1,0
3845,credit_card,SOFT_DECLINE,3,0.707,6,44,1,0
352,net_banking,SOFT_DECLINE,1,0.66,18,1406,0,0
1772,credit_card,TRANSIENT,1,0.26,18,1782,1,0
394,credit_card,HARD_DECLINE,2,0.533,8,1424,0,0
3982,upi,UNKNOWN,3,0.052,10,915,0,0
99,debit_card,TRANSIENT,1,0.721,1,599,0,1
3083,debit_card,SOFT_DECLINE,1,0.88,25,81,0,1
4435,wallet,HARD_DECLINE,1,0.063,20,228,1,0
2175,upi,TRANSIENT,3,0.841,7,250,0,0
1176,net_banking,CUSTOMER_ACTION_REQUIRED,1,0.6,14,1594,1,0
2773,wallet,TRANSIENT,3,0.377,22,163,0,1
959,credit_card,CUSTOMER_ACTION_REQUIRED,1,0.056,1,633,0,0
1296,debit_card,HARD_DECLINE,2,0.787,19,51,0,0
5917,upi,SOFT_DECLINE,2,0.026,16,702,0,1
5155,upi,TRANSIENT,1,0.841,18,288,0,1
1245,upi,SOFT_DECLINE,2,0.06,9,1227,0,0
3636,debit_card,HARD_DECLINE,2,0.775,4,991,1,0
223,credit_card,SOFT_DECLINE,1,0.507,17,1788,1,1
1054,upi,UNKNOWN,1,0.068,6,1397,0,0
4931,upi,SOFT_DECLINE,1,0.3,10,362,1,0
410,debit_card,CUSTOMER_ACTION_REQUIRED,3,0.639,22,501,0,0
4792,upi,SOFT_DECLINE,1,0.4,0,773,1,1
1167,credit_card,HARD_DECLINE,1,0.631,24,767,1,1
5993,credit_card,TRANSIENT,1,0.555,5,431,1,0
373,credit_card,CUSTOMER_ACTION_REQUIRED,2,0.379,25,1842,1,0
4342,credit_card,SOFT_DECLINE,3,0.977,19,1835,0,0
422,net_banking,TRANSIENT,1,0.19,17,804,0,1
6730,upi,SOFT_DECLINE,1,0.854,9,1647,1,1
979,credit_card,HARD_DECLINE,1,0.508,18,1844,0,0
1864,upi,HARD_DECLINE,1,0.882,24,1072,0,0
1999,upi,TRANSIENT,1,0.483,15,1000,1,1
4713,upi,UNKNOWN,1,0.863,12,477,1,0
3401,net_banking,HARD_DECLINE,1,0.551,4,1569,1,0
400,upi,SOFT_DECLINE,1,0.468,13,782,0,1
3754,credit_card,SOFT_DECLINE,1,0.645,11,1876,1,0
4277,upi,SOFT_DECLINE,1,0.071,1,1148,1,1
2569,debit_card,SOFT_DECLINE,2,0.684,8,420,0,0
2647,upi,UNKNOWN,1,0.299,11,1633,0,0
2505,upi,CUSTOMER_ACTION_REQUIRED,1,0.654,24,1978,1,0
99,upi,TRANSIENT,2,0.758,23,1697,0,0
3481,credit_card,SOFT_DECLINE,2,0.698,6,928,0,0
7145,upi,SOFT_DECLINE,1,0.81,11,725,1,1
7324,upi,HARD_DECLINE,2,0.3,18,77,0,1
6237,wallet,TRANSIENT,2,0.914,18,1805,0,1
2883,credit_card,UNKNOWN,1,0.475,10,1196,0,0
2289,credit_card,SOFT_DECLINE,2,0.603,0,412,1,0
1607,credit_card,SOFT_DECLINE,1,0.524,14,147,0,1
2854,net_banking,SOFT_DECLINE,1,0.418,23,170,0,0
7774,net_banking,TRANSIENT,1,0.818,21,1002,1,1
2425,credit_card,SOFT_DECLINE,1,0.991,14,161,0,0
289,debit_card,TRANSIENT,1,0.491,14,1209,1,1
253,net_banking,HARD_DECLINE,2,0.391,25,1770,1,0
6945,upi,CUSTOMER_ACTION_REQUIRED,1,0.911,5,1460,0,0
4373,credit_card,UNKNOWN,2,0.292,2,1459,0,0
1546,debit_card,CUSTOMER_ACTION_REQUIRED,2,0.121,11,186,0,0
3869,debit_card,HARD_DECLINE,1,0.027,20,1452,0,0
4466,debit_card,SOFT_DECLINE,1,0.038,8,264,0,1
1992,debit_card,HARD_DECLINE,2,0.714,14,317,0,0
3249,net_banking,TRANSIENT,2,0.177,3,1124,0,1
2607,credit_card,HARD_DECLINE,1,0.714,21,1120,1,0
5666,net_banking,CUSTOMER_ACTION_REQUIRED,2,0.716,3,829,0,0
1795,credit_card,HARD_DECLINE,1,0.909,6,217,1,1
4168,net_banking,TRANSIENT,2,0.063,3,1662,0,0
1583,credit_card,HARD_DECLINE,1,0.627,19,454,0,0
2639,credit_card,SOFT_DECLINE,1,0.323,0,853,0,1
1895,credit_card,TRANSIENT,2,0.044,6,871,1,0
1308,credit_card,UNKNOWN,1,0.991,18,381,1,1
1346,upi,SOFT_DECLINE,2,0.133,5,1331,0,0
6662,upi,UNKNOWN,1,0.018,18,949,0,0
4814,upi,TRANSIENT,2,0.897,9,514,0,0
2867,credit_card,HARD_DECLINE,1,0.297,4,799,1,1
6864,upi,UNKNOWN,1,0.278,20,1641,0,0
1632,upi,UNKNOWN,1,0.024,23,708,1,0
7483,net_banking,TRANSIENT,2,0.222,12,1097,1,0
2671,net_banking,TRANSIENT,1,0.192,20,319,0,1
3474,debit_card,TRANSIENT,1,0.426,14,667,1,1
1377,upi,SOFT_DECLINE,1,0.576,20,442,1,0
1784,wallet,TRANSIENT,1,0.505,23,917,0,0
3904,credit_card,HARD_DECLINE,1,0.854,24,1886,0,0
2872,upi,TRANSIENT,1,0.375,19,1014,1,1
5787,credit_card,SOFT_DECLINE,1,0.013,16,1525,0,0
5374,net_banking,UNKNOWN,1,0.641,18,175,0,1
2554,debit_card,UNKNOWN,1,0.194,13,1990,1,0
808,debit_card,HARD_DECLINE,2,0.651,13,1536,1,0
3272,debit_card,UNKNOWN,2,0.028,21,1351,1,0
3053,credit_card,UNKNOWN,2,0.161,3,1608,1,0
6285,upi,SOFT_DECLINE,3,0.08,6,1824,0,0
6589,debit_card,SOFT_DECLINE,1,0.308,13,1571,0,0
2260,upi,TRANSIENT,2,0.344,4,580,0,0
7587,debit_card,SOFT_DECLINE,1,0.07,22,885,0,0
2625,credit_card,HARD_DECLINE,1,0.704,6,1026,1,0
3342,net_banking,SOFT_DECLINE,1,0.759,8,1877,0,1
3801,credit_card,CUSTOMER_ACTION_REQUIRED,2,0.08,2,803,1,1
1208,credit_card,TRANSIENT,1,0.266,0,1392,0,0
3392,debit_card,TRANSIENT,1,0.603,24,574,0,1
615,debit_card,SOFT_DECLINE,3,0.817,11,1392,0,0
6812,net_banking,UNKNOWN,2,0.003,22,852,0,0
4376,upi,TRANSIENT,2,0.815,11,955,0,0
1515,debit_card,SOFT_DECLINE,1,0.986,10,64,0,0
2202,upi,UNKNOWN,1,0.739,25,196,1,0
1360,debit_card,UNKNOWN,2,0.699,3,1533,0,0
6122,net_banking,HARD_DECLINE,2,0.032,15,1661,1,0
99,wallet,UNKNOWN,1,0.896,3,1017,0,1
2418,upi,TRANSIENT,1,0.716,5,1932,0,0
2087,credit_card,HARD_DECLINE,1,0.476,21,282,0,0
3634,debit_card,HARD_DECLINE,1,0.576,19,162,0,0
842,upi,HARD_DECLINE,1,0.642,17,1783,0,0
4744,credit_card,SOFT_DECLINE,1,0.188,3,1203,0,0
4468,upi,UNKNOWN,1,0.062,17,418,0,0
1082,debit_card,SOFT_DECLINE,1,0.602,7,248,0,0
1028,credit_card,SOFT_DECLINE,3,0.837,15,1422,0,0
4233,upi,TRANSIENT,1,0.309,22,282,1,0
694,upi,HARD_DECLINE,1,0.291,12,150,0,0
2504,credit_card,CUSTOMER_ACTION_REQUIRED,2,0.053,24,396,0,0
1532,net_banking,SOFT_DECLINE,3,0.159,0,1152,0,0
2251,debit_card,SOFT_DECLINE,2,0.282,6,1465,0,0
3608,upi,TRANSIENT,1,0.805,22,652,0,1
2643,upi,TRANSIENT,1,0.748,23,1363,1,0
4352,upi,HARD_DECLINE,3,0.148,13,1421,0,0
3351,wallet,TRANSIENT,3,0.65,18,918,0,0
3741,credit_card,SOFT_DECLINE,1,0.489,22,1250,0,0
4029,upi,SOFT_DECLINE,2,0.865,20,812,1,0
517,credit_card,SOFT_DECLINE,1,0.489,21,1890,0,1
2385,upi,HARD_DECLINE,2,0.181,15,1350,0,0
7089,debit_card,TRANSIENT,2,0.862,17,408,0,0
3641,net_banking,SOFT_DECLINE,1,0.837,17,1491,0,0
99,credit_card,HARD_DECLINE,2,0.117,19,1453,1,0
4172,credit_card,CUSTOMER_ACTION_REQUIRED,1,0.562,24,101,1,1
4229,wallet,SOFT_DECLINE,1,0.977,21,30,1,1
2167,net_banking,UNKNOWN,1,0.49,10,1100,0,0
5975,debit_card,HARD_DECLINE,2,0.663,1,515,1,0
5107,credit_card,CUSTOMER_ACTION_REQUIRED,1,0.277,23,1304,0,0
5366,upi,SOFT_DECLINE,1,0.456,8,1415,0,0
2109,credit_card,SOFT_DECLINE,2,0.193,11,1184,0,0
5146,debit_card,HARD_DECLINE,1,0.992,13,806,1,0
5428,credit_card,TRANSIENT,1,0.64,11,1892,1,1
5009,credit_card,CUSTOMER_ACTION_REQUIRED,1,0.377,7,805,0,0
5364,debit_card,TRANSIENT,2,0.096,11,1464,0,0
650,credit_card,SOFT_DECLINE,1,0.318,24,827,1,0
1898,upi,HARD_DECLINE,1,0.592,8,49,0,0
1351,credit_card,HARD_DECLINE,1,0.267,23,1339,0,0
2573,upi,TRANSIENT,3,0.798,16,617,1,0
1468,net_banking,UNKNOWN,2,0.305,2,1970,1,0
4641,upi,CUSTOMER_ACTION_REQUIRED,1,0.575,2,1552,1,0
3858,credit_card,CUSTOMER_ACTION_REQUIRED,3,0.677,23,309,0,0
2179,net_banking,UNKNOWN,2,0.911,23,44,0,0
586,credit_card,HARD_DECLINE,2,0.951,16,1430,0,0
5244,upi,UNKNOWN,1,0.075,4,1082,0,1
943,credit_card,SOFT_DECLINE,3,0.338,21,541,0,0
1050,credit_card,CUSTOMER_ACTION_REQUIRED,1,0.631,12,475,0,0
3207,debit_card,UNKNOWN,2,0.935,19,1767,0,0
2845,debit_card,HARD_DECLINE,2,0.186,11,48,1,0
3201,debit_card,TRANSIENT,1,0.124,15,44,1,0
2194,debit_card,TRANSIENT,1,0.812,3,928,0,1
5518,upi,TRANSIENT,1,0.884,22,436,1,1
2690,debit_card,TRANSIENT,2,0.948,21,574,1,1
3552,upi,SOFT_DECLINE,1,0.751,24,1835,0,0
7262,net_banking,HARD_DECLINE,2,0.126,11,1054,1,0
7621,net_banking,TRANSIENT,1,0.597,0,919,0,1
99,debit_card,TRANSIENT,1,0.281,3,1799,1,0
278,debit_card,HARD_DECLINE,1,0.783,3,1465,0,0
2021,net_banking,TRANSIENT,1,0.401,8,423,0,1
1972,credit_card,HARD_DECLINE,1,0.407,9,1463,0,0
585,debit_card,SOFT_DECLINE,1,0.269,8,1961,0,0
2777,credit_card,SOFT_DECLINE,1,0.052,23,688,1,0
5422,credit_card,CUSTOMER_ACTION_REQUIRED,1,0.304,3,1400,1,0
8582,debit_card,CUSTOMER_ACTION_REQUIRED,2,0.361,24,1236,0,0
896,credit_card,HARD_DECLINE,1,0.743,3,114,0,0
6477,credit_card,HARD_DECLINE,2,0.926,2,1958,0,0
4186,wallet,HARD_DECLINE,1,0.192,17,1487,1,0
6813,net_banking,CUSTOMER_ACTION_REQUIRED,3,0.895,14,1319,0,0
5688,debit_card,TRANSIENT,1,0.599,22,294,1,0
1762,wallet,TRANSIENT,1,0.815,15,1432,0,1
209,debit_card,TRANSIENT,1,0.607,6,406,1,1
2812,credit_card,HARD_DECLINE,3,0.513,16,1479,0,0
2853,credit_card,CUSTOMER_ACTION_REQUIRED,1,0.534,9,110,0,0
4250,credit_card,SOFT_DECLINE,2,0.052,7,1716,1,1
5181,upi,HARD_DECLINE,3,0.884,8,1508,1,0
2615,wallet,SOFT_DECLINE,2,0.01,11,479,0,0
233,credit_card,SOFT_DECLINE,3,0.583,23,1557,0,0
1201,upi,SOFT_DECLINE,2,0.206,14,481,1,1
848,net_banking,HARD_DECLINE,2,0.434,4,1877,0,0
4659,net_banking,SOFT_DECLINE,1,0.57,23,399,0,1
307,credit_card,TRANSIENT,1,0.072,7,961,0,0
5110,debit_card,TRANSIENT,2,0.808,19,234,0,1
2539,upi,CUSTOMER_ACTION_REQUIRED,1,0.084,4,1952,0,1
2410,wallet,UNKNOWN,1,0.736,10,1776,0,1
1598,upi,SOFT_DECLINE,1,0.155,1,1143,0,0
3511,net_banking,TRANSIENT,1,0.297,16,1845,0,1
1733,credit_card,CUSTOMER_ACTION_REQUIRED,2,0.226,21,817,0,0
3623,debit_card,CUSTOMER_ACTION_REQUIRED,3,0.225,9,761,1,0
3641,net_banking,SOFT_DECLINE,1,0.429,10,1258,1,1
3378,upi,CUSTOMER_ACTION_REQUIRED,2,0.287,3,585,0,0
2760,net_banking,UNKNOWN,1,0.933,4,1622,0,1
2032,upi,SOFT_DECLINE,2,0.478,2,261,0,0
4583,credit_card,SOFT_DECLINE,1,0.319,13,1015,0,0
2947,debit_card,HARD_DECLINE,2,0.654,7,814,0,0
4068,debit_card,SOFT_DECLINE,1,0.422,18,1620,0,0
780,credit_card,HARD_DECLINE,1,0.994,0,772,0,0
160,credit_card,UNKNOWN,2,0.819,9,972,1,0
6942,net_banking,UNKNOWN,1,0.828,1,1559,1,0
9382,debit_card,HARD_DECLINE,1,0.701,21,1221,1,0
4066,credit_card,CUSTOMER_ACTION_REQUIRED,1,0.079,2,55,0,0
2832,credit_card,TRANSIENT,2,0.3,13,1509,1,0
1148,credit_card,HARD_DECLINE,1,0.881,1,1267,0,0
822,net_banking,TRANSIENT,1,0.83,18,1057,1,1
1620,credit_card,UNKNOWN,1,0.378,4,1551,1,0
2919,credit_card,TRANSIENT,2,0.817,14,1007,1,0
199,credit_card,CUSTOMER_ACTION_REQUIRED,2,0.647,6,582,1,1
5004,net_banking,HARD_DECLINE,1,0.065,19,52,0,0
3356,upi,HARD_DECLINE,1,0.269,18,1186,1,0
4789,credit_card,SOFT_DECLINE,3,0.752,12,1054,1,0
4187,wallet,HARD_DECLINE,2,0.097,13,1866,0,0
905,credit_card,CUSTOMER_ACTION_REQUIRED,1,0.852,9,360,1,0
1722,credit_card,CUSTOMER_ACTION_REQUIRED,2,0.884,25,1425,0,0
1017,wallet,TRANSIENT,2,0.93,10,946,0,1
2587,net_banking,SOFT_DECLINE,1,0.891,24,1428,0,1
5022,credit_card,HARD_DECLINE,1,0.805,4,1599,0,0
5874,upi,UNKNOWN,1,0.094,10,377,0,1
4330,debit_card,SOFT_DECLINE,2,0.258,15,554,0,0
3835,net_banking,UNKNOWN,3,0.488,11,1789,1,0
208,upi,HARD_DECLINE,2,0.314,2,1427,0,0
4088,wallet,CUSTOMER_ACTION_REQUIRED,1,0.977,1,1547,0,0
4915,credit_card,HARD_DECLINE,1,0.854,7,825,0,0
4491,debit_card,SOFT_DECLINE,1,0.818,3,205,1,1
687,debit_card,UNKNOWN,1,0.342,19,1025,1,0
4033,debit_card,TRANSIENT,1,0.949,4,1341,1,1
7200,upi,UNKNOWN,2,0.979,6,140,1,1
4736,debit_card,HARD_DECLINE,1,0.176,4,171,1,1
1480,debit_card,CUSTOMER_ACTION_REQUIRED,2,0.184,1,219,0,0
3838,credit_card,UNKNOWN,1,0.942,15,1003,0,0
5771,debit_card,UNKNOWN,2,0.561,19,436,1,0
1303,debit_card,HARD_DECLINE,3,0.939,23,1720,0,0
6000,debit_card,TRANSIENT,1,0.97,13,568,0,1
6995,net_banking,SOFT_DECLINE,1,0.449,18,229,1,0
3517,upi,TRANSIENT,1,0.21,6,1421,0,1
348,credit_card,CUSTOMER_ACTION_REQUIRED,2,0.502,3,1462,0,0
4242,debit_card,SOFT_DECLINE,3,0.336,5,969,0,0
677,debit_card,HARD_DECLINE,1,0.845,22,1423,0,0
8104,net_banking,HARD_DECLINE,2,0.104,20,63,0,0
3412,upi,SOFT_DECLINE,3,0.1,14,1060,0,1
3466,debit_card,SOFT_DECLINE,1,0.196,15,1976,1,0
5713,debit_card,CUSTOMER_ACTION_REQUIRED,2,0.704,23,840,1,0
4425,credit_card,TRANSIENT,2,0.795,13,1408,1,0
1655,credit_card,SOFT_DECLINE,1,0.374,16,1709,0,1
118,upi,TRANSIENT,1,0.616,12,1726,1,0
4355,net_banking,SOFT_DECLINE,1,0.728,12,1881,1,1
3879,upi,TRANSIENT,1,0.392,24,1314,0,0
3894,debit_card,TRANSIENT,1,0.026,0,1317,0,1
6207,debit_card,HARD_DECLINE,1,0.734,14,1329,0,0
2438,net_banking,TRANSIENT,1,0.535,7,1517,0,0
2086,upi,HARD_DECLINE,2,0.638,18,1805,1,0
8773,credit_card,HARD_DECLINE,1,0.895,2,188,0,0
2474,debit_card,CUSTOMER_ACTION_REQUIRED,1,0.959,2,460,0,0
3029,net_banking,SOFT_DECLINE,2,0.18,0,1880,1,0
10872,credit_card,HARD_DECLINE,1,0.614,17,40,1,0
1799,credit_card,UNKNOWN,1,0.023,16,1588,1,0
2175,credit_card,TRANSIENT,2,0.94,8,590,0,0
4556,upi,SOFT_DECLINE,1,0.745,15,923,0,1
987,credit_card,TRANSIENT,1,0.393,18,1654,0,1
1820,wallet,HARD_DECLINE,1,0.883,13,1251,0,0
99,upi,HARD_DECLINE,1,0.633,2,950,1,1
4390,upi,SOFT_DECLINE,1,0.827,20,1976,0,1
1049,credit_card,TRANSIENT,1,0.073,21,791,0,0
6969,debit_card,TRANSIENT,1,0.329,14,1192,0,0
544,debit_card,HARD_DECLINE,1,0.278,19,1967,0,0
1173,net_banking,TRANSIENT,1,0.756,10,1695,1,1
5609,debit_card,CUSTOMER_ACTION_REQUIRED,1,0.171,10,1240,0,0
2840,upi,SOFT_DECLINE,2,0.988,14,612,1,0
765,debit_card,TRANSIENT,1,0.47,25,880,0,1
2609,debit_card,HARD_DECLINE,1,0.313,19,126,0,0
4245,net_banking,SOFT_DECLINE,1,0.618,0,488,1,1
2739,debit_card,TRANSIENT,2,0.436,5,210,1,0
8818,net_banking,SOFT_DECLINE,2,0.26,25,118,1,0
2617,debit_card,TRANSIENT,2,0.812,8,1460,1,1
5703,credit_card,SOFT_DECLINE,2,0.966,13,1334,0,1
189,upi,SOFT_DECLINE,2,0.976,10,1612,0,1
5773,credit_card,SOFT_DECLINE,2,0.659,23,1782,1,1
4589,credit_card,UNKNOWN,1,0.216,12,414,0,0
840,upi,CUSTOMER_ACTION_REQUIRED,3,0.709,20,345,0,0
2810,net_banking,TRANSIENT,1,0.452,19,1081,1,1
602,debit_card,TRANSIENT,1,0.102,14,1824,1,1
2663,debit_card,TRANSIENT,1,0.476,16,957,0,1
3593,debit_card,HARD_DECLINE,1,0.334,14,588,0,1
5443,net_banking,SOFT_DECLINE,1,0.189,5,1246,1,0
4799,credit_card,SOFT_DECLINE,1,0.115,1,1208,1,1
3583,credit_card,TRANSIENT,2,0.716,12,834,1,0
4205,credit_card,CUSTOMER_ACTION_REQUIRED,1,0.288,19,619,0,1
7219,upi,SOFT_DECLINE,1,0.305,22,518,1,0
3148,debit_card,TRANSIENT,2,0.428,0,393,0,0
4777,upi,TRANSIENT,1,0.352,15,1224,1,0
6751,credit_card,SOFT_DECLINE,1,0.228,16,372,0,0
3411,net_banking,TRANSIENT,1,0.491,11,1147,1,1
635,credit_card,SOFT_DECLINE,2,0.775,19,1021,1,0
6144,credit_card,HARD_DECLINE,3,0.856,21,320,0,1
1459,upi,HARD_DECLINE,1,0.921,12,1338,1,0
3716,debit_card,HARD_DECLINE,3,0.987,16,388,1,0
3934,debit_card,CUSTOMER_ACTION_REQUIRED,1,0.041,16,1467,1,0
6967,debit_card,SOFT_DECLINE,3,0.792,9,255,0,0
6825,debit_card,HARD_DECLINE,2,0.664,9,1027,1,0
8280,credit_card,TRANSIENT,1,0.593,1,1030,1,1
2979,credit_card,HARD_DECLINE,1,0.859,21,1993,0,1
5321,credit_card,TRANSIENT,3,0.197,18,1910,1,0
4345,debit_card,SOFT_DECLINE,1,0.967,3,1858,1,1
295,upi,SOFT_DECLINE,2,0.322,18,315,0,1
2666,upi,TRANSIENT,1,0.628,17,405,0,0
4003,credit_card,SOFT_DECLINE,1,0.313,21,1489,0,0
2356,wallet,SOFT_DECLINE,1,0.767,2,1577,1,0
4329,upi,HARD_DECLINE,1,0.621,18,1827,1,0
7534,debit_card,SOFT_DECLINE,2,0.46,1,203,1,0
3169,debit_card,HARD_DECLINE,1,0.291,15,1444,1,1
2944,upi,HARD_DECLINE,1,0.144,23,1044,1,0
2176,credit_card,HARD_DECLINE,2,0.719,0,1679,0,0
1990,credit_card,TRANSIENT,1,0.204,15,80,0,0
2229,credit_card,TRANSIENT,1,0.983,7,1753,0,1
2300,debit_card,HARD_DECLINE,1,0.022,4,1706,0,0
1925,upi,SOFT_DECLINE,1,0.48,9,1397,1,0
378,credit_card,SOFT_DECLINE,1,0.813,4,87,1,1
5948,upi,SOFT_DECLINE,1,0.65,21,1299,0,0
5046,credit_card,SOFT_DECLINE,1,0.158,16,1782,0,1
1135,debit_card,CUSTOMER_ACTION_REQUIRED,1,0.174,4,750,0,0
5793,net_banking,SOFT_DECLINE,2,0.923,2,1906,0,0
6377,upi,UNKNOWN,1,0.709,16,1618,0,0
103,upi,HARD_DECLINE,2,0.068,0,1774,0,0
1390,debit_card,HARD_DECLINE,2,0.324,7,1610,0,0
5426,net_banking,TRANSIENT,2,0.42,2,156,0,1
7689,credit_card,CUSTOMER_ACTION_REQUIRED,2,0.607,0,1921,1,1
928,credit_card,SOFT_DECLINE,1,0.491,21,615,1,0
577,debit_card,SOFT_DECLINE,2,0.086,0,1318,0,1
7311,credit_card,TRANSIENT,1,0.864,10,409,0,0
3141,debit_card,HARD_DECLINE,1,0.207,15,1055,0,0
5408,credit_card,HARD_DECLINE,1,0.071,2,290,0,0
4081,credit_card,TRANSIENT,2,0.331,7,1712,0,0
7609,upi,SOFT_DECLINE,3,0.075,18,524,0,0
5097,debit_card,SOFT_DECLINE,1,0.698,3,1223,0,0
1978,credit_card,SOFT_DECLINE,1,0.765,4,448,0,0
4653,upi,UNKNOWN,2,0.236,2,1679,0,0
9868,upi,HARD_DECLINE,3,0.598,19,1933,1,0
4551,credit_card,UNKNOWN,1,0.036,16,491,0,0
3512,net_banking,SOFT_DECLINE,1,0.774,25,431,0,0
2907,upi,HARD_DECLINE,1,0.052,24,802,0,0
1931,credit_card,SOFT_DECLINE,3,0.368,6,732,0,1
5026,upi,TRANSIENT,1,0.747,25,1654,0,1
3000,net_banking,CUSTOMER_ACTION_REQUIRED,1,0.439,9,119,1,0
3855,wallet,CUSTOMER_ACTION_REQUIRED,1,0.398,21,280,0,1
1728,credit_card,UNKNOWN,2,0.859,14,1490,1,0
1401,net_banking,HARD_DECLINE,1,0.893,10,1459,0,1
5747,debit_card,SOFT_DECLINE,1,0.912,16,502,1,0
2118,upi,TRANSIENT,2,0.036,7,1460,0,0
4024,credit_card,UNKNOWN,1,0.3,2,152,1,0
1300,net_banking,SOFT_DECLINE,1,0.044,6,806,1,0
766,debit_card,TRANSIENT,1,0.609,10,1919,0,1
2403,credit_card,HARD_DECLINE,1,0.726,19,918,0,0
4119,upi,UNKNOWN,3,0.932,9,1788,0,0
99,upi,SOFT_DECLINE,2,0.26,12,987,0,0
4882,credit_card,TRANSIENT,1,0.25,17,635,1,1
2843,debit_card,HARD_DECLINE,2,0.782,25,1610,0,0
2857,debit_card,HARD_DECLINE,1,0.44,14,105,0,0
4562,credit_card,CUSTOMER_ACTION_REQUIRED,1,0.939,8,1867,0,0
3201,credit_card,TRANSIENT,2,0.127,20,387,1,0
1000,credit_card,TRANSIENT,1,0.684,14,1217,1,1
9792,wallet,TRANSIENT,1,0.845,11,1136,0,1
2657,credit_card,SOFT_DECLINE,1,0.511,7,447,1,1
208,debit_card,CUSTOMER_ACTION_REQUIRED,1,0.327,25,767,1,0
973,debit_card,HARD_DECLINE,3,0.622,5,784,1,0
517,credit_card,CUSTOMER_ACTION_REQUIRED,1,0.781,16,1634,0,0
125,net_banking,TRANSIENT,1,0.726,12,1591,0,1
3470,net_banking,TRANSIENT,1,0.548,13,1133,0,0
5920,credit_card,SOFT_DECLINE,1,0.524,14,679,1,0
3185,credit_card,SOFT_DECLINE,1,0.456,23,266,0,0
7267,debit_card,UNKNOWN,1,0.56,2,1903,0,0
3594,upi,TRANSIENT,3,0.926,7,1620,0,0
7651,upi,HARD_DECLINE,2,0.342,3,196,0,0
4221,debit_card,TRANSIENT,1,0.454,5,277,0,0
1873,debit_card,HARD_DECLINE,1,0.869,13,79,0,0
7722,net_banking,TRANSIENT,1,0.402,17,524,0,1
350,net_banking,CUSTOMER_ACTION_REQUIRED,1,0.617,23,122,1,0
203,net_banking,UNKNOWN,1,0.758,22,305,0,0
99,net_banking,HARD_DECLINE,1,0.152,0,1245,0,0
4778,debit_card,SOFT_DECLINE,1,0.773,7,638,0,1
6586,debit_card,SOFT_DECLINE,1,0.928,9,691,0,0
7867,credit_card,UNKNOWN,2,0.431,8,1207,0,0
1249,credit_card,SOFT_DECLINE,1,0.487,7,1843,1,0
4426,upi,SOFT_DECLINE,1,0.096,17,1747,0,1
4122,credit_card,HARD_DECLINE,2,0.538,6,43,0,0
5496,credit_card,SOFT_DECLINE,1,0.126,14,634,0,0
2152,credit_card,CUSTOMER_ACTION_REQUIRED,2,0.493,2,1800,1,0
4365,wallet,HARD_DECLINE,1,0.074,5,1068,1,0
896,upi,HARD_DECLINE,1,0.688,1,917,1,0
1452,credit_card,SOFT_DECLINE,2,0.949,20,46,1,0
1296,credit_card,CUSTOMER_ACTION_REQUIRED,1,0.47,15,1696,1,0
5557,upi,TRANSIENT,2,0.214,13,167,0,0
4593,credit_card,HARD_DECLINE,2,0.613,20,1225,1,0
6449,wallet,SOFT_DECLINE,2,0.668,15,1661,0,0
326,credit_card,SOFT_DECLINE,1,0.963,24,1594,1,0
5087,upi,SOFT_DECLINE,1,0.114,22,845,0,0
4859,net_banking,SOFT_DECLINE,1,0.412,7,89,1,0
6987,upi,CUSTOMER_ACTION_REQUIRED,1,0.318,12,1686,0,0
4602,credit_card,CUSTOMER_ACTION_REQUIRED,2,0.34,1,661,0,0
3223,debit_card,CUSTOMER_ACTION_REQUIRED,3,0.611,4,1268,0,0
1812,debit_card,TRANSIENT,2,0.333,11,1600,0,1
4078,credit_card,TRANSIENT,2,0.396,22,499,1,1
1395,debit_card,SOFT_DECLINE,1,0.249,0,103,0,0
3188,debit_card,SOFT_DECLINE,1,0.024,20,1611,0,1
2289,net_banking,HARD_DECLINE,1,0.401,23,1825,1,1
3201,upi,TRANSIENT,1,0.83,19,1912,1,0
417,credit_card,HARD_DECLINE,2,0.312,10,900,0,1
2672,credit_card,SOFT_DECLINE,1,0.291,2,485,0,0
6637,net_banking,SOFT_DECLINE,1,0.245,0,1047,0,0
136,upi,HARD_DECLINE,1,0.771,14,787,0,1
3969,credit_card,SOFT_DECLINE,2,0.084,17,376,1,0
914,credit_card,HARD_DECLINE,1,0.84,24,506,1,0
5725,upi,SOFT_DECLINE,2,0.037,22,1187,0,0
324,credit_card,SOFT_DECLINE,1,0.959,7,689,0,1
1893,upi,HARD_DECLINE,2,0.921,13,1462,1,1
4197,debit_card,TRANSIENT,2,0.114,13,1044,1,0
4145,upi,SOFT_DECLINE,1,0.399,9,270,0,1
420,upi,UNKNOWN,1,0.65,4,624,0,1
2513,upi,HARD_DECLINE,1,0.251,14,461,0,0
5010,net_banking,HARD_DECLINE,2,0.01,13,397,1,1
5290,debit_card,UNKNOWN,1,0.694,17,969,1,1
1111,credit_card,SOFT_DECLINE,1,0.629,6,592,1,0
5583,upi,SOFT_DECLINE,1,0.767,8,1179,0,0
2754,credit_card,TRANSIENT,1,0.102,25,1099,0,0
988,upi,SOFT_DECLINE,1,0.277,25,1539,0,0
4563,credit_card,SOFT_DECLINE,1,0.803,4,323,1,0
4350,net_banking,SOFT_DECLINE,1,0.512,14,901,0,1
738,credit_card,SOFT_DECLINE,1,0.474,9,1747,0,0
2102,net_banking,CUSTOMER_ACTION_REQUIRED,3,0.945,8,1486,1,0
2995,upi,SOFT_DECLINE,2,0.652,5,81,0,0
4265,debit_card,HARD_DECLINE,1,0.617,6,813,0,0
1942,credit_card,UNKNOWN,1,0.328,11,1905,1,0
4261,credit_card,HARD_DECLINE,1,0.479,1,1454,0,0
6905,upi,TRANSIENT,1,0.608,14,1034,1,0
3755,debit_card,HARD_DECLINE,1,0.37,19,1861,0,0
7111,net_banking,TRANSIENT,1,0.443,22,157,1,0
5356,net_banking,SOFT_DECLINE,2,0.737,10,1744,0,0
6986,credit_card,CUSTOMER_ACTION_REQUIRED,1,0.014,21,855,0,0
2655,credit_card,TRANSIENT,2,0.148,8,201,1,1
99,upi,HARD_DECLINE,2,0.941,9,590,0,1
4916,net_banking,SOFT_DECLINE,1,0.93,2,268,0,1
2647,debit_card,TRANSIENT,1,0.01,20,797,0,0
2640,debit_card,UNKNOWN,2,0.943,6,1560,0,1
3601,upi,TRANSIENT,1,0.226,6,588,0,1
4236,upi,SOFT_DECLINE,1,0.49,18,774,1,0
3335,upi,SOFT_DECLINE,2,0.386,17,1194,1,0
2404,net_banking,SOFT_DECLINE,2,0.207,22,1061,0,0
3428,debit_card,SOFT_DECLINE,1,0.922,16,1378,0,0
4701,debit_card,SOFT_DECLINE,1,0.658,1,690,0,0
1012,credit_card,CUSTOMER_ACTION_REQUIRED,2,0.1,11,657,1,0
4069,debit_card,HARD_DECLINE,2,0.594,22,920,0,0
688,upi,TRANSIENT,1,0.04,7,1592,0,0
1299,debit_card,TRANSIENT,1,0.577,18,88,1,1
2015,upi,SOFT_DECLINE,3,0.568,4,296,0,0
116,credit_card,TRANSIENT,2,0.141,11,969,0,0
4008,credit_card,HARD_DECLINE,1,0.858,13,214,0,1
4891,upi,HARD_DECLINE,1,0.159,3,994,0,0
1011,debit_card,TRANSIENT,1,0.917,12,293,1,0
4956,debit_card,SOFT_DECLINE,1,0.675,13,1252,0,1
1484,upi,SOFT_DECLINE,2,0.768,11,771,1,0
2085,upi,HARD_DECLINE,3,0.646,4,1053,1,0
1506,debit_card,SOFT_DECLINE,1,0.387,15,101,1,0
831,debit_card,TRANSIENT,1,0.106,25,199,1,0
3518,debit_card,HARD_DECLINE,1,0.507,21,961,1,0
1612,debit_card,HARD_DECLINE,1,0.425,23,1328,1,0
3763,debit_card,CUSTOMER_ACTION_REQUIRED,2,0.972,3,1638,1,0
870,net_banking,HARD_DECLINE,1,0.007,22,1238,1,0
435,net_banking,HARD_DECLINE,1,0.868,14,781,1,0
4111,debit_card,SOFT_DECLINE,2,0.767,0,1141,1,1
2801,debit_card,SOFT_DECLINE,1,0.732,17,1542,0,1
3643,credit_card,SOFT_DECLINE,1,0.493,8,737,0,0
5065,net_banking,TRANSIENT,1,0.458,2,698,0,1
496,upi,UNKNOWN,2,0.382,23,191,1,0
4671,debit_card,SOFT_DECLINE,2,0.743,2,1743,0,0
6791,upi,HARD_DECLINE,3,0.616,17,1779,0,0
4269,upi,TRANSIENT,1,0.689,5,596,0,1
8713,credit_card,SOFT_DECLINE,1,0.005,6,68,0,0
3888,debit_card,SOFT_DECLINE,1,0.225,22,694,1,0
435,upi,HARD_DECLINE,1,0.421,19,703,0,0
1029,debit_card,HARD_DECLINE,1,0.854,15,461,0,0
7211,debit_card,SOFT_DECLINE,2,0.571,2,1323,0,0
908,upi,TRANSIENT,2,0.451,14,90,1,0
2606,upi,HARD_DECLINE,1,0.765,24,611,0,0
5312,net_banking,TRANSIENT,2,0.097,6,462,0,0
5515,credit_card,TRANSIENT,2,0.734,12,1156,0,0
1996,upi,SOFT_DECLINE,1,0.885,20,1590,0,0
5152,credit_card,SOFT_DECLINE,1,0.757,9,1721,0,1
7704,debit_card,CUSTOMER_ACTION_REQUIRED,2,0.656,21,1888,1,0
3098,debit_card,SOFT_DECLINE,1,0.029,7,313,0,0
2548,upi,TRANSIENT,2,0.166,20,996,0,0
3291,upi,TRANSIENT,2,0.389,16,1798,1,0
3189,upi,SOFT_DECLINE,2,0.2,4,630,1,1
5819,debit_card,HARD_DECLINE,2,0.444,7,1661,1,0
5659,net_banking,HARD_DECLINE,3,0.245,23,173,1,1
1316,net_banking,HARD_DECLINE,3,0.862,2,1633,0,0
3600,credit_card,HARD_DECLINE,1,0.024,15,1725,0,0
557,net_banking,SOFT_DECLINE,2,0.363,22,1929,0,0
4186,credit_card,SOFT_DECLINE,2,0.754,3,1508,1,0
4548,net_banking,SOFT_DECLINE,2,0.21,3,705,0,1
3064,debit_card,CUSTOMER_ACTION_REQUIRED,1,0.445,25,952,0,0
4938,upi,HARD_DECLINE,1,0.288,7,1832,0,0
4930,net_banking,SOFT_DECLINE,1,0.44,9,346,0,0
5971,credit_card,TRANSIENT,1,0.637,0,1772,1,1
2254,credit_card,HARD_DECLINE,3,0.406,19,1873,1,0
1067,net_banking,TRANSIENT,1,0.374,15,1357,1,1
9034,net_banking,TRANSIENT,1,0.309,7,337,1,0
3541,upi,HARD_DECLINE,1,0.459,20,1886,1,0
6297,upi,CUSTOMER_ACTION_REQUIRED,1,0.033,20,232,0,0
544,wallet,SOFT_DECLINE,2,0.538,2,1664,1,0
2746,credit_card,TRANSIENT,2,0.245,22,1499,0,1
816,upi,HARD_DECLINE,1,0.19,2,1885,0,0
167,credit_card,TRANSIENT,1,0.537,25,134,1,0
1308,credit_card,TRANSIENT,1,0.197,17,1237,1,0
3781,upi,HARD_DECLINE,2,0.777,6,1236,0,0
2068,credit_card,SOFT_DECLINE,2,0.601,15,1322,1,0
1458,wallet,SOFT_DECLINE,1,0.275,17,1060,1,0
7781,net_banking,UNKNOWN,1,0.319,16,993,0,1
7122,upi,HARD_DECLINE,1,0.687,5,426,0,0
5785,debit_card,TRANSIENT,1,0.53,3,1432,1,1
5365,credit_card,HARD_DECLINE,2,0.852,19,1386,1,0
6546,upi,UNKNOWN,2,0.78,8,498,0,0
4380,debit_card,CUSTOMER_ACTION_REQUIRED,1,0.745,14,660,0,0
4780,upi,SOFT_DECLINE,1,0.969,11,1352,0,0
2516,credit_card,HARD_DECLINE,2,0.295,11,78,1,0
1359,upi,SOFT_DECLINE,1,0.215,16,931,0,1
963,debit_card,TRANSIENT,1,0.971,1,1629,0,1
3508,debit_card,CUSTOMER_ACTION_REQUIRED,1,0.607,12,151,1,0
4075,debit_card,SOFT_DECLINE,1,0.75,10,1617,0,0
2439,upi,CUSTOMER_ACTION_REQUIRED,1,0.562,14,532,1,0
4569,upi,HARD_DECLINE,1,0.77,25,1462,0,0
487,net_banking,CUSTOMER_ACTION_REQUIRED,1,0.885,5,687,0,0
2453,upi,SOFT_DECLINE,2,0.023,3,1345,0,0
1159,credit_card,SOFT_DECLINE,1,0.913,16,794,1,1
4319,debit_card,TRANSIENT,1,0.575,20,167,0,0
1216,upi,UNKNOWN,1,0.799,2,1205,0,0
3284,upi,UNKNOWN,1,0.451,23,341,0,1
360,debit_card,HARD_DECLINE,1,0.693,13,1851,1,0
4773,net_banking,TRANSIENT,1,0.259,7,1226,0,1
3211,upi,SOFT_DECLINE,2,0.574,11,1859,0,0
3430,upi,TRANSIENT,1,0.602,1,1626,1,1
4522,net_banking,TRANSIENT,3,0.658,6,650,1,0
3082,net_banking,TRANSIENT,2,0.944,3,1738,0,1
2417,net_banking,CUSTOMER_ACTION_REQUIRED,1,0.049,14,847,1,0
5916,credit_card,HARD_DECLINE,1,0.516,5,1579,1,0
2429,debit_card,HARD_DECLINE,3,0.415,6,215,0,0
2709,credit_card,SOFT_DECLINE,2,0.4,3,756,0,0
3080,net_banking,TRANSIENT,2,0.229,22,202,0,0
6941,credit_card,CUSTOMER_ACTION_REQUIRED,2,0.045,7,393,0,0
2098,upi,TRANSIENT,2,0.061,25,459,0,0
3844,debit_card,SOFT_DECLINE,3,0.965,23,1687,0,1
4285,credit_card,CUSTOMER_ACTION_REQUIRED,1,0.498,9,856,0,0
3465,debit_card,SOFT_DECLINE,2,0.034,4,1901,0,0
804,upi,HARD_DECLINE,1,0.1,11,1867,1,0
475,wallet,TRANSIENT,2,0.44,19,1687,0,1
3573,net_banking,SOFT_DECLINE,1,0.656,11,1989,0,0
3987,upi,SOFT_DECLINE,1,0.13,4,491,0,0
1675,credit_card,HARD_DECLINE,2,0.25,8,408,0,0
461,debit_card,HARD_DECLINE,3,0.267,4,701,0,0
1371,net_banking,HARD_DECLINE,1,0.906,12,1324,1,0
7347,credit_card,TRANSIENT,1,0.323,18,1014,0,1
3946,net_banking,HARD_DECLINE,1,0.452,6,958,0,0
3658,credit_card,TRANSIENT,1,0.893,8,728,0,1
2635,upi,SOFT_DECLINE,2,0.342,16,568,1,0
4259,wallet,HARD_DECLINE,1,0.111,17,1489,1,0
4278,debit_card,SOFT_DECLINE,3,0.083,16,403,0,0
3948,credit_card,UNKNOWN,1,0.733,11,1106,0,1
1504,debit_card,CUSTOMER_ACTION_REQUIRED,2,0.363,7,1450,0,0
4792,credit_card,SOFT_DECLINE,2,0.843,24,1496,1,0
6059,net_banking,HARD_DECLINE,1,0.959,12,637,0,0
1254,debit_card,SOFT_DECLINE,1,0.075,22,1168,0,1
6596,upi,HARD_DECLINE,1,0.755,4,324,0,1
5467,wallet,UNKNOWN,1,0.419,18,426,1,0
2662,net_banking,TRANSIENT,1,0.401,23,1544,0,0
2645,credit_card,TRANSIENT,2,0.521,16,240,0,0
5198,debit_card,TRANSIENT,2,0.541,19,960,1,0
7326,upi,HARD_DECLINE,1,0.838,8,261,0,0
1313,upi,TRANSIENT,2,0.487,9,490,0,1
4229,wallet,HARD_DECLINE,2,0.495,22,915,0,0
1607,credit_card,CUSTOMER_ACTION_REQUIRED,2,0.276,8,1341,0,0
4000,wallet,CUSTOMER_ACTION_REQUIRED,2,0.243,15,483,0,0
3575,upi,TRANSIENT,2,0.561,18,799,0,0
6718,credit_card,HARD_DECLINE,2,0.099,3,270,0,0
5990,upi,HARD_DECLINE,2,0.815,22,1554,1,0
3450,debit_card,SOFT_DECLINE,1,0.805,23,1622,0,0
2478,credit_card,TRANSIENT,2,0.329,9,1915,0,1
610,net_banking,SOFT_DECLINE,1,0.966,8,943,0,1
5941,upi,HARD_DECLINE,2,0.161,17,1608,0,0
3297,upi,HARD_DECLINE,1,0.089,11,1292,0,0
1492,debit_card,UNKNOWN,1,0.914,2,1339,0,0
4457,upi,HARD_DECLINE,1,0.337,14,1864,0,0
7700,credit_card,TRANSIENT,1,0.311,16,1464,0,1
2269,credit_card,HARD_DECLINE,1,0.712,21,858,0,0
2326,debit_card,SOFT_DECLINE,1,0.385,23,1698,0,0
2201,wallet,HARD_DECLINE,2,0.246,4,1397,0,1
4595,upi,TRANSIENT,1,0.875,14,1356,0,1
4796,wallet,SOFT_DECLINE,1,0.556,18,423,0,0
758,upi,HARD_DECLINE,2,0.979,23,565,0,0
678,credit_card,CUSTOMER_ACTION_REQUIRED,3,0.32,11,187,0,0
6906,wallet,CUSTOMER_ACTION_REQUIRED,1,0.538,4,227,0,0
1238,debit_card,SOFT_DECLINE,2,0.72,22,1467,0,0
7180,debit_card,UNKNOWN,1,0.053,19,926,0,0
99,credit_card,UNKNOWN,1,0.348,22,332,1,0
1823,credit_card,UNKNOWN,1,0.897,0,1491,0,0
99,credit_card,HARD_DECLINE,1,0.697,9,706,1,0
5233,debit_card,SOFT_DECLINE,2,0.98,18,674,0,0
680,upi,TRANSIENT,1,0.064,13,1525,1,1
746,upi,UNKNOWN,3,0.836,0,1359,0,0
192,credit_card,SOFT_DECLINE,2,0.805,12,1456,0,0
5212,debit_card,TRANSIENT,1,0.43,8,1053,1,1
2379,debit_card,TRANSIENT,1,0.094,8,71,0,1
2176,upi,HARD_DECLINE,1,0.002,16,55,1,0
1564,net_banking,TRANSIENT,3,0.188,19,1050,1,0
1080,net_banking,SOFT_DECLINE,3,0.6,18,392,0,0
5743,credit_card,CUSTOMER_ACTION_REQUIRED,1,0.039,17,1849,0,0
6719,debit_card,CUSTOMER_ACTION_REQUIRED,1,0.349,5,1238,0,0
8618,upi,SOFT_DECLINE,3,0.929,17,1733,0,0
2906,upi,TRANSIENT,1,0.366,7,1996,0,1
7878,debit_card,SOFT_DECLINE,2,0.91,22,1575,0,1
180,upi,SOFT_DECLINE,1,0.527,18,1468,0,0
1834,credit_card,SOFT_DECLINE,1,0.944,13,857,0,1
5463,credit_card,TRANSIENT,1,0.61,9,1049,0,0
2281,upi,HARD_DECLINE,3,0.307,18,1561,0,0
2874,upi,HARD_DECLINE,1,0.047,9,818,1,0
5871,net_banking,TRANSIENT,1,0.178,11,1424,0,0
99,net_banking,TRANSIENT,2,0.712,2,1492,1,1
4498,credit_card,HARD_DECLINE,2,0.924,0,1882,1,0
2201,wallet,CUSTOMER_ACTION_REQUIRED,3,0.827,11,1909,0,1
468,credit_card,TRANSIENT,1,0.571,20,664,1,0
1505,credit_card,HARD_DECLINE,2,0.416,13,802,1,0
162,debit_card,CUSTOMER_ACTION_REQUIRED,1,0.696,14,293,0,0
935,credit_card,HARD_DECLINE,3,0.489,5,1129,1,0
5283,upi,SOFT_DECLINE,1,0.285,18,565,1,1
1936,net_banking,CUSTOMER_ACTION_REQUIRED,3,0.555,15,441,1,0
3632,credit_card,SOFT_DECLINE,1,0.763,25,168,1,0
7688,credit_card,SOFT_DECLINE,1,0.041,16,1600,0,0
4433,credit_card,HARD_DECLINE,2,0.251,5,747,0,0
3128,debit_card,TRANSIENT,3,0.506,7,406,0,0
1482,credit_card,HARD_DECLINE,2,0.288,5,323,0,0
4757,credit_card,TRANSIENT,1,0.017,23,377,0,1
2890,net_banking,TRANSIENT,1,0.058,12,1604,0,0
2750,credit_card,HARD_DECLINE,1,0.02,15,1949,0,0
4556,debit_card,HARD_DECLINE,1,0.25,20,961,0,0
2015,net_banking,SOFT_DECLINE,1,0.287,23,387,0,0
2833,credit_card,SOFT_DECLINE,1,0.043,13,1485,0,0
347,credit_card,UNKNOWN,2,0.208,12,892,0,0
789,wallet,SOFT_DECLINE,2,0.133,16,451,1,0
3515,net_banking,HARD_DECLINE,2,0.784,11,1873,0,0
2126,debit_card,HARD_DECLINE,1,0.543,14,645,0,0
5339,debit_card,CUSTOMER_ACTION_REQUIRED,1,0.338,5,1380,0,0
2148,debit_card,TRANSIENT,2,0.273,23,1423,0,1
682,upi,SOFT_DECLINE,1,0.411,14,533,0,1
6141,debit_card,UNKNOWN,2,0.876,21,228,0,1
1593,net_banking,TRANSIENT,1,0.853,10,1937,0,1
4280,credit_card,TRANSIENT,3,0.583,14,1002,1,1
1000,net_banking,SOFT_DECLINE,1,0.881,5,880,1,0
321,upi,SOFT_DECLINE,1,0.848,7,262,0,1
194,upi,SOFT_DECLINE,1,0.381,12,1006,1,1
6007,net_banking,HARD_DECLINE,1,0.894,15,1968,0,0
1606,credit_card,SOFT_DECLINE,1,0.177,19,644,0,0
4605,net_banking,TRANSIENT,2,0.292,25,1973,0,0
2592,debit_card,UNKNOWN,2,0.59,5,777,0,1
5504,debit_card,SOFT_DECLINE,3,0.052,7,1464,1,0
1538,credit_card,SOFT_DECLINE,2,0.76,14,1380,1,0
105,wallet,TRANSIENT,1,0.381,15,808,0,0
135,debit_card,SOFT_DECLINE,1,0.513,25,899,0,1
259,upi,UNKNOWN,1,0.913,21,203,0,0
2063,net_banking,CUSTOMER_ACTION_REQUIRED,1,0.129,24,249,1,0
3087,upi,TRANSIENT,1,0.723,23,1682,1,0
4065,upi,TRANSIENT,3,0.969,20,1818,1,0
6598,credit_card,HARD_DECLINE,3,0.186,22,1978,1,0
7279,credit_card,HARD_DECLINE,2,0.387,20,1114,1,0
2236,debit_card,HARD_DECLINE,2,0.592,1,936,1,1
291,credit_card,TRANSIENT,1,0.542,6,1463,1,0
3070,net_banking,TRANSIENT,1,0.836,9,1261,0,1
1204,credit_card,TRANSIENT,1,0.241,0,1371,0,0
5701,credit_card,SOFT_DECLINE,3,0.06,24,1704,0,0
4101,debit_card,CUSTOMER_ACTION_REQUIRED,3,0.675,10,1234,0,0
6138,upi,HARD_DECLINE,2,0.319,11,1550,0,0
2179,debit_card,SOFT_DECLINE,1,0.745,7,1232,1,0
991,net_banking,SOFT_DECLINE,3,0.403,14,956,1,0
6981,net_banking,SOFT_DECLINE,2,0.788,12,1812,0,0
2189,upi,TRANSIENT,1,0.184,3,63,0,1
1690,credit_card,SOFT_DECLINE,1,0.304,17,598,1,0
4395,debit_card,HARD_DECLINE,3,0.06,3,167,0,0
2520,credit_card,HARD_DECLINE,1,0.494,6,882,0,0
1709,debit_card,HARD_DECLINE,2,0.599,16,607,1,0
6221,credit_card,HARD_DECLINE,1,0.474,0,945,0,0
7557,upi,UNKNOWN,2,0.902,15,1641,1,0
113,upi,HARD_DECLINE,3,0.965,25,1325,0,0
3733,upi,HARD_DECLINE,1,0.891,10,1076,0,0
1255,debit_card,TRANSIENT,1,0.463,23,574,1,1
2436,upi,TRANSIENT,2,0.474,7,1326,1,1
690,upi,HARD_DECLINE,2,0.957,15,673,0,0
6254,upi,CUSTOMER_ACTION_REQUIRED,1,0.733,23,1842,1,0
2114,upi,SOFT_DECLINE,1,0.819,0,640,1,1
3078,upi,TRANSIENT,1,0.91,4,944,0,1
1990,upi,HARD_DECLINE,1,0.274,8,435,0,0
4237,credit_card,TRANSIENT,2,0.553,11,320,1,0
2649,upi,HARD_DECLINE,2,0.396,10,1285,0,1
1708,upi,SOFT_DECLINE,1,0.717,4,1047,1,1
837,debit_card,TRANSIENT,3,0.235,24,767,0,0
134,upi,SOFT_DECLINE,1,0.642,12,1452,1,0
3148,debit_card,CUSTOMER_ACTION_REQUIRED,1,0.911,8,495,1,0
3984,credit_card,HARD_DECLINE,1,0.219,7,1975,1,0
1508,debit_card,SOFT_DECLINE,2,0.67,0,1074,0,0
2319,upi,HARD_DECLINE,1,0.209,18,1036,1,0
2778,debit_card,HARD_DECLINE,2,0.164,6,341,0,0
195,credit_card,HARD_DECLINE,1,0.202,19,554,1,0
1964,credit_card,SOFT_DECLINE,1,0.029,19,1364,0,0
2097,credit_card,TRANSIENT,3,0.206,24,1197,0,0
3771,credit_card,HARD_DECLINE,1,0.303,14,141,0,0
3113,net_banking,CUSTOMER_ACTION_REQUIRED,1,0.83,10,452,0,0
3536,debit_card,HARD_DECLINE,1,0.754,15,1013,0,0
3032,net_banking,UNKNOWN,2,0.853,19,132,0,0
6460,debit_card,UNKNOWN,1,0.568,5,229,1,1
3709,debit_card,TRANSIENT,1,0.022,24,101,0,1
2303,net_banking,SOFT_DECLINE,2,0.801,6,276,0,0
5581,credit_card,HARD_DECLINE,1,0.086,7,962,0,0
1805,credit_card,HARD_DECLINE,2,0.48,23,1446,1,1
1709,credit_card,HARD_DECLINE,1,0.973,18,1867,1,1
3076,credit_card,HARD_DECLINE,1,0.479,25,577,1,0
2852,credit_card,CUSTOMER_ACTION_REQUIRED,2,0.874,13,1174,0,0
3050,net_banking,TRANSIENT,1,0.364,19,782,0,1
815,upi,TRANSIENT,1,0.735,11,863,1,1
5288,debit_card,SOFT_DECLINE,1,0.814,24,1851,0,0
1162,debit_card,SOFT_DECLINE,1,0.359,14,953,0,0
111,credit_card,TRANSIENT,1,0.86,20,327,0,1
3413,credit_card,CUSTOMER_ACTION_REQUIRED,2,0.206,22,841,1,0
1693,debit_card,TRANSIENT,1,0.104,0,551,0,0
2435,credit_card,TRANSIENT,1,0.732,25,794,0,1
813,debit_card,HARD_DECLINE,1,0.75,22,1569,0,0
1557,credit_card,HARD_DECLINE,2,0.893,16,1668,1,0
926,wallet,TRANSIENT,1,0.406,6,1139,0,0
2516,credit_card,TRANSIENT,2,0.68,2,549,0,1
4633,upi,UNKNOWN,1,0.598,10,824,0,0
785,net_banking,HARD_DECLINE,2,0.977,15,684,0,0
481,upi,SOFT_DECLINE,2,0.77,13,1440,0,0
5442,upi,UNKNOWN,3,0.759,2,1002,1,1
2917,net_banking,TRANSIENT,2,0.094,12,1564,1,0
689,debit_card,SOFT_DECLINE,1,0.614,3,51,0,0
1733,credit_card,HARD_DECLINE,1,0.069,5,978,1,0
2693,debit_card,CUSTOMER_ACTION_REQUIRED,1,0.517,5,1877,0,0
1114,upi,TRANSIENT,1,0.687,2,437,0,1
2114,upi,SOFT_DECLINE,1,0.302,7,726,0,0
1717,upi,SOFT_DECLINE,2,0.948,3,237,1,1
5894,upi,UNKNOWN,2,0.43,22,1105,0,0
3433,debit_card,SOFT_DECLINE,1,0.436,22,894,1,1
99,upi,CUSTOMER_ACTION_REQUIRED,1,0.928,4,277,1,1
3472,credit_card,TRANSIENT,2,0.546,17,568,0,0
3531,upi,HARD_DECLINE,1,0.3,23,1466,0,0
3473,credit_card,SOFT_DECLINE,1,0.266,16,48,1,0
1280,credit_card,SOFT_DECLINE,2,0.478,6,232,1,0
3212,net_banking,HARD_DECLINE,1,0.667,16,327,0,1
1276,wallet,SOFT_DECLINE,2,0.84,11,1950,1,1
2239,debit_card,TRANSIENT,2,0.781,0,424,0,0
5785,upi,SOFT_DECLINE,1,0.615,25,1073,0,0
99,credit_card,HARD_DECLINE,1,0.288,24,183,0,1
4089,credit_card,TRANSIENT,2,0.37,12,605,0,0
2117,debit_card,CUSTOMER_ACTION_REQUIRED,1,0.327,9,1781,0,0
1546,net_banking,SOFT_DECLINE,3,0.605,21,1639,0,0
569,debit_card,TRANSIENT,1,0.517,20,158,1,1
841,credit_card,SOFT_DECLINE,3,0.907,18,421,1,0
2816,debit_card,CUSTOMER_ACTION_REQUIRED,1,0.264,13,1401,0,0
3260,credit_card,CUSTOMER_ACTION_REQUIRED,2,0.361,17,1162,1,0
925,credit_card,HARD_DECLINE,2,0.876,20,535,1,0
1240,credit_card,CUSTOMER_ACTION_REQUIRED,1,0.484,8,1939,0,0
656,upi,TRANSIENT,1,0.967,17,835,1,1
4352,net_banking,UNKNOWN,1,0.277,18,891,1,1
5148,wallet,SOFT_DECLINE,1,0.476,12,671,1,1
7564,net_banking,SOFT_DECLINE,1,0.548,8,290,0,0
4627,credit_card,HARD_DECLINE,2,0.567,0,258,1,0
3424,debit_card,SOFT_DECLINE,1,0.267,17,754,0,1
6443,debit_card,HARD_DECLINE,1,0.806,12,446,0,1
2093,upi,TRANSIENT,2,0.125,7,1761,0,1
1441,net_banking,HARD_DECLINE,3,0.279,0,519,0,0
1285,net_banking,CUSTOMER_ACTION_REQUIRED,2,0.409,14,936,1,0
3603,upi,CUSTOMER_ACTION_REQUIRED,1,0.765,6,1835,0,0
5950,debit_card,CUSTOMER_ACTION_REQUIRED,1,0.442,6,793,1,1
3386,upi,CUSTOMER_ACTION_REQUIRED,1,0.404,6,673,0,0
723,net_banking,HARD_DECLINE,3,0.686,18,529,0,0
6521,credit_card,HARD_DECLINE,1,0.36,0,1035,0,0
1854,debit_card,SOFT_DECLINE,3,0.26,5,375,1,0
4614,debit_card,SOFT_DECLINE,1,0.036,12,776,1,1
626,credit_card,HARD_DECLINE,1,0.525,8,957,1,1
895,net_banking,SOFT_DECLINE,1,0.409,5,1096,1,0
4046,upi,HARD_DECLINE,2,0.741,9,1152,0,0
1958,credit_card,TRANSIENT,3,0.603,2,167,0,0
3576,debit_card,HARD_DECLINE,1,0.179,17,1939,1,0
121,credit_card,SOFT_DECLINE,1,0.813,16,1063,0,1
4060,debit_card,TRANSIENT,2,0.367,25,601,0,0
1471,upi,HARD_DECLINE,1,0.606,1,167,0,1
1180,debit_card,SOFT_DECLINE,1,0.726,16,985,0,0
3264,upi,SOFT_DECLINE,2,0.749,24,544,0,0
3574,debit_card,SOFT_DECLINE,1,0.368,9,266,0,0
1397,debit_card,SOFT_DECLINE,1,0.199,0,471,0,0
4047,net_banking,TRANSIENT,2,0.302,7,321,1,1
1024,debit_card,SOFT_DECLINE,1,0.465,6,978,1,0
2263,credit_card,TRANSIENT,1,0.351,12,1846,0,1
2109,debit_card,HARD_DECLINE,1,0.477,15,168,0,0
4402,credit_card,UNKNOWN,2,0.27,0,1073,1,0
2930,debit_card,TRANSIENT,2,0.46,19,698,1,1
323,credit_card,SOFT_DECLINE,2,0.036,24,1152,0,0
4091,wallet,TRANSIENT,3,0.378,21,1492,0,0
3951,credit_card,SOFT_DECLINE,1,0.394,1,120,1,0
2437,upi,TRANSIENT,1,0.826,4,904,0,1
7524,credit_card,CUSTOMER_ACTION_REQUIRED,1,0.483,2,478,0,0
4999,debit_card,UNKNOWN,1,0.46,10,1293,0,0
211,wallet,SOFT_DECLINE,3,0.742,20,1391,1,1
1533,upi,HARD_DECLINE,1,0.279,19,1623,0,0
1594,debit_card,TRANSIENT,1,0.724,12,135,0,1
5628,credit_card,CUSTOMER_ACTION_REQUIRED,1,0.224,25,478,0,0
2036,net_banking,CUSTOMER_ACTION_REQUIRED,1,0.4,18,708,1,0
192,net_banking,HARD_DECLINE,2,0.775,1,922,0,0
1791,wallet,SOFT_DECLINE,1,0.487,15,1930,0,0
5079,net_banking,SOFT_DECLINE,1,0.611,5,718,1,1
6878,credit_card,SOFT_DECLINE,1,0.54,15,1866,1,0
5199,upi,CUSTOMER_ACTION_REQUIRED,3,0.002,5,96,1,0
4090,upi,SOFT_DECLINE,1,0.04,9,706,1,0
917,credit_card,TRANSIENT,1,0.923,25,378,0,0
1774,credit_card,SOFT_DECLINE,1,0.613,4,163,0,0
7600,upi,TRANSIENT,1,0.496,7,1441,1,1
296,credit_card,SOFT_DECLINE,3,0.306,20,1475,0,0
3469,upi,UNKNOWN,2,0.666,6,522,0,0
4000,credit_card,TRANSIENT,3,0.126,23,180,1,0
2001,credit_card,SOFT_DECLINE,1,0.41,20,1398,0,0
3707,net_banking,HARD_DECLINE,1,0.157,6,736,1,1
5740,credit_card,CUSTOMER_ACTION_REQUIRED,1,0.498,21,844,0,0
2883,net_banking,SOFT_DECLINE,2,0.958,24,1190,0,1
917,credit_card,CUSTOMER_ACTION_REQUIRED,1,0.093,10,333,1,1
2707,debit_card,SOFT_DECLINE,1,0.038,0,1323,0,0
4654,debit_card,HARD_DECLINE,1,0.772,16,443,1,0
99,upi,HARD_DECLINE,2,0.994,19,1927,0,0
2903,net_banking,UNKNOWN,1,0.719,17,624,0,0
99,debit_card,TRANSIENT,2,0.475,13,1932,0,0
4930,net_banking,HARD_DECLINE,2,0.223,8,644,0,0
801,upi,CUSTOMER_ACTION_REQUIRED,1,0.229,7,1979,0,0
1798,credit_card,TRANSIENT,1,0.803,17,1697,0,0
2538,net_banking,TRANSIENT,2,0.769,21,134,0,0
1240,upi,SOFT_DECLINE,2,0.855,12,1178,0,1
983,credit_card,HARD_DECLINE,1,0.48,3,295,0,0
3956,credit_card,TRANSIENT,1,0.162,13,447,0,1
6834,credit_card,HARD_DECLINE,2,0.076,4,1818,1,0
2949,credit_card,UNKNOWN,2,0.758,8,396,1,0
3516,upi,TRANSIENT,1,0.668,8,1638,1,0
250,debit_card,SOFT_DECLINE,1,0.945,23,67,0,0
4485,upi,UNKNOWN,1,0.522,22,1125,1,0
2926,debit_card,HARD_DECLINE,1,0.389,24,915,1,0
4308,credit_card,CUSTOMER_ACTION_REQUIRED,2,0.748,2,1555,1,0
6312,debit_card,CUSTOMER_ACTION_REQUIRED,2,0.387,20,785,1,1
1558,credit_card,SOFT_DECLINE,3,0.649,13,1565,0,0
8844,credit_card,CUSTOMER_ACTION_REQUIRED,2,0.595,17,1599,1,1
2655,wallet,SOFT_DECLINE,2,0.032,20,679,1,0
744,credit_card,SOFT_DECLINE,1,0.939,21,310,0,0
7136,credit_card,UNKNOWN,3,0.364,15,661,0,0
2712,credit_card,TRANSIENT,1,0.093,4,1937,0,0
7219,credit_card,TRANSIENT,1,0.124,18,464,0,1
2321,debit_card,TRANSIENT,2,0.755,2,1692,0,0
6045,debit_card,CUSTOMER_ACTION_REQUIRED,1,0.404,1,668,0,0
966,credit_card,HARD_DECLINE,1,0.069,18,38,1,0
1109,debit_card,SOFT_DECLINE,1,0.561,25,537,1,1
2489,upi,HARD_DECLINE,2,0.631,0,993,1,0
4957,wallet,TRANSIENT,3,0.005,16,1822,1,0
746,credit_card,HARD_DECLINE,1,0.059,6,1285,0,0
241,debit_card,SOFT_DECLINE,3,0.288,7,1292,0,1
4886,upi,SOFT_DECLINE,1,0.978,12,1239,1,1
2199,credit_card,TRANSIENT,2,0.132,1,502,0,0
2021,upi,HARD_DECLINE,1,0.218,3,1206,1,0
1045,upi,TRANSIENT,1,0.147,20,1638,1,1
4183,debit_card,UNKNOWN,1,0.275,21,442,0,1
99,credit_card,SOFT_DECLINE,1,0.489,8,925,1,1
2228,credit_card,SOFT_DECLINE,2,0.06,14,1103,1,0
2517,credit_card,CUSTOMER_ACTION_REQUIRED,1,0.786,16,163,0,0
5590,debit_card,HARD_DECLINE,2,0.276,15,829,1,0
3696,credit_card,SOFT_DECLINE,1,0.986,17,1073,0,1
530,debit_card,SOFT_DECLINE,1,0.099,21,1087,0,0
4391,upi,TRANSIENT,1,0.81,24,1991,0,1
1769,upi,HARD_DECLINE,1,0.183,15,1112,1,0
99,upi,SOFT_DECLINE,1,0.193,3,1530,1,0
1924,net_banking,SOFT_DECLINE,1,0.629,21,1754,0,0
725,debit_card,SOFT_DECLINE,1,0.858,11,995,0,0
707,debit_card,SOFT_DECLINE,1,0.69,3,1187,0,1
4072,credit_card,CUSTOMER_ACTION_REQUIRED,1,0.681,17,933,0,0
7342,debit_card,TRANSIENT,1,0.012,18,867,1,1
3580,debit_card,HARD_DECLINE,1,0.119,25,542,0,0
5207,upi,HARD_DECLINE,1,0.689,17,372,0,0
3714,net_banking,TRANSIENT,1,0.331,2,1061,0,0
1406,debit_card,SOFT_DECLINE,1,0.357,14,1169,0,1
4988,upi,TRANSIENT,1,0.157,23,122,0,1
3268,credit_card,TRANSIENT,1,0.662,7,1296,1,1
592,credit_card,CUSTOMER_ACTION_REQUIRED,1,0.687,4,1438,1,0
689,credit_card,SOFT_DECLINE,1,0.533,21,1756,0,1
3681,credit_card,HARD_DECLINE,1,0.813,8,1491,0,0
3985,net_banking,HARD_DECLINE,3,0.899,18,705,0,0
2650,debit_card,UNKNOWN,1,0.611,25,941,1,1
457,upi,TRANSIENT,2,0.02,12,635,0,0
5882,net_banking,UNKNOWN,3,0.23,22,1122,0,0
5552,net_banking,SOFT_DECLINE,1,0.738,4,138,0,0
5495,credit_card,TRANSIENT,2,0.884,7,1133,0,1
1372,credit_card,SOFT_DECLINE,1,0.136,5,120,0,0
3655,net_banking,TRANSIENT,1,0.625,2,894,0,1
6494,debit_card,HARD_DECLINE,1,0.276,10,91,1,1
7500,upi,TRANSIENT,1,0.322,24,1550,0,0
3689,credit_card,TRANSIENT,3,0.098,25,1861,0,0
150,upi,HARD_DECLINE,3,0.313,21,265,0,0
560,credit_card,SOFT_DECLINE,1,0.546,4,1259,0,0
3161,debit_card,SOFT_DECLINE,2,0.289,19,1644,1,0
1580,debit_card,TRANSIENT,1,0.599,0,1385,1,1
1059,debit_card,SOFT_DECLINE,1,0.405,18,281,1,1
5302,credit_card,SOFT_DECLINE,1,0.661,11,665,0,0
2220,credit_card,SOFT_DECLINE,1,0.208,13,1263,0,0
413,upi,HARD_DECLINE,1,0.624,20,1981,0,0
2913,credit_card,TRANSIENT,1,0.392,16,284,0,0
3770,credit_card,HARD_DECLINE,2,0.962,20,393,0,0
4374,credit_card,CUSTOMER_ACTION_REQUIRED,1,0.648,12,578,1,0
6733,debit_card,TRANSIENT,2,0.726,16,1200,0,0
8099,credit_card,SOFT_DECLINE,2,0.131,23,1515,0,0
3667,wallet,TRANSIENT,1,0.462,1,1713,0,0
5281,credit_card,HARD_DECLINE,1,0.873,5,855,0,0
2197,debit_card,SOFT_DECLINE,1,0.192,23,77,0,0
4955,upi,SOFT_DECLINE,3,0.53,0,1611,1,1
726,upi,TRANSIENT,1,0.83,8,709,0,1
1948,upi,HARD_DECLINE,1,0.639,9,519,1,0
978,net_banking,UNKNOWN,1,0.526,18,675,0,1
3373,net_banking,HARD_DECLINE,2,0.455,14,1507,0,0
1980,wallet,TRANSIENT,1,0.091,21,435,0,1
5477,wallet,HARD_DECLINE,1,0.077,2,1910,0,0
3622,wallet,SOFT_DECLINE,3,0.095,16,1787,0,0
4594,net_banking,CUSTOMER_ACTION_REQUIRED,2,0.997,0,1230,1,0
3107,credit_card,TRANSIENT,1,0.924,7,1439,0,1
1541,credit_card,HARD_DECLINE,1,0.725,13,1907,1,0
9794,debit_card,TRANSIENT,2,0.134,1,186,1,1
3281,debit_card,TRANSIENT,1,0.226,12,1115,0,0
963,upi,HARD_DECLINE,1,0.171,23,352,0,0
845,credit_card,SOFT_DECLINE,1,0.092,1,1454,0,0
3680,debit_card,TRANSIENT,3,0.043,11,1321,1,0
2866,net_banking,TRANSIENT,2,0.519,3,268,0,1
5820,net_banking,CUSTOMER_ACTION_REQUIRED,3,0.875,1,1095,0,0
4761,upi,SOFT_DECLINE,1,0.685,2,686,0,1
857,upi,UNKNOWN,1,0.341,1,1704,0,0
980,credit_card,SOFT_DECLINE,2,0.644,4,1302,1,0
945,upi,SOFT_DECLINE,1,0.242,17,40,0,0
3393,debit_card,HARD_DECLINE,3,0.737,16,309,0,0
7967,upi,HARD_DECLINE,1,0.102,11,954,0,1
6293,debit_card,CUSTOMER_ACTION_REQUIRED,1,0.289,18,402,0,0
2858,credit_card,SOFT_DECLINE,2,0.403,19,1476,0,0
4800,upi,SOFT_DECLINE,2,0.83,20,1268,0,0
1713,upi,HARD_DECLINE,2,0.09,16,635,1,0
1720,upi,HARD_DECLINE,1,0.294,24,1054,0,0
2409,net_banking,HARD_DECLINE,3,0.891,3,408,0,0
3435,upi,TRANSIENT,1,0.961,1,865,0,1
385,credit_card,HARD_DECLINE,2,0.457,13,1856,1,0
6759,debit_card,HARD_DECLINE,1,0.22,21,1386,0,0
1593,wallet,TRANSIENT,1,0.897,24,65,0,0
8059,net_banking,CUSTOMER_ACTION_REQUIRED,1,0.142,22,1189,0,0
1701,net_banking,SOFT_DECLINE,1,0.591,11,1145,0,0
1197,upi,SOFT_DECLINE,1,0.073,6,60,0,0
4641,net_banking,TRANSIENT,2,0.766,25,1112,1,1
5396,credit_card,UNKNOWN,1,0.149,18,1660,0,0
608,net_banking,SOFT_DECLINE,2,0.833,5,1009,0,1
1403,debit_card,HARD_DECLINE,1,0.998,3,1737,0,0
216,credit_card,TRANSIENT,1,0.612,0,128,0,1
6087,upi,TRANSIENT,1,0.738,1,958,0,1
4700,credit_card,HARD_DECLINE,1,0.443,13,1314,1,0
5907,credit_card,TRANSIENT,1,0.282,5,149,0,1
3308,debit_card,TRANSIENT,2,0.671,19,310,1,0
2268,net_banking,TRANSIENT,3,0.923,5,1187,0,0
1617,credit_card,HARD_DECLINE,1,0.524,17,568,1,0
8731,credit_card,TRANSIENT,1,0.715,5,444,1,0
614,debit_card,TRANSIENT,1,0.011,5,1418,1,0
3003,credit_card,TRANSIENT,1,0.67,4,987,0,1
1156,credit_card,SOFT_DECLINE,1,0.074,21,1146,1,1
4455,wallet,TRANSIENT,1,0.396,16,118,0,1
1339,wallet,SOFT_DECLINE,1,0.205,8,1733,1,0
1305,credit_card,TRANSIENT,2,0.17,5,183,1,1
4013,debit_card,TRANSIENT,2,0.536,5,239,0,1
952,debit_card,UNKNOWN,2,0.784,21,1272,0,0
1996,credit_card,CUSTOMER_ACTION_REQUIRED,2,0.243,3,1766,0,0
1280,debit_card,UNKNOWN,1,0.739,15,1638,0,0
5768,debit_card,HARD_DECLINE,3,0.119,15,1463,1,0
1509,net_banking,SOFT_DECLINE,2,0.015,24,34,0,1
2479,credit_card,HARD_DECLINE,1,0.349,21,356,1,0
3530,debit_card,CUSTOMER_ACTION_REQUIRED,1,0.105,8,859,0,0
99,upi,SOFT_DECLINE,1,0.982,4,700,0,0
109,wallet,HARD_DECLINE,2,0.235,19,1277,0,0
1907,wallet,CUSTOMER_ACTION_REQUIRED,1,0.919,10,1665,1,0
3552,upi,HARD_DECLINE,1,0.691,16,627,0,0
1217,net_banking,HARD_DECLINE,2,0.554,2,1355,1,0
7054,debit_card,HARD_DECLINE,1,0.655,2,761,0,0
2024,debit_card,SOFT_DECLINE,1,0.539,21,412,1,0
3881,upi,SOFT_DECLINE,2,0.973,15,1280,0,0
2794,upi,TRANSIENT,3,0.506,22,1761,1,0
1158,upi,SOFT_DECLINE,2,0.532,21,1103,1,0
3159,upi,HARD_DECLINE,1,0.696,0,1388,0,0
220,debit_card,UNKNOWN,1,0.031,3,373,1,0
404,debit_card,HARD_DECLINE,1,0.251,16,835,0,0
1774,net_banking,TRANSIENT,1,0.952,21,1120,0,0
1967,net_banking,HARD_DECLINE,1,0.941,17,1997,0,0
2744,debit_card,TRANSIENT,3,0.187,24,721,0,0
6788,net_banking,TRANSIENT,1,0.969,5,856,0,1
99,debit_card,HARD_DECLINE,1,0.86,16,247,0,0
611,wallet,SOFT_DECLINE,1,0.263,12,1974,0,0
3296,upi,HARD_DECLINE,1,0.008,9,1316,0,0
963,net_banking,CUSTOMER_ACTION_REQUIRED,1,0.832,15,1256,0,1
1277,upi,SOFT_DECLINE,1,0.839,6,837,1,1
2024,debit_card,SOFT_DECLINE,1,0.107,23,385,0,0
4727,debit_card,CUSTOMER_ACTION_REQUIRED,1,0.426,10,123,1,0
488,credit_card,UNKNOWN,2,0.802,9,1976,0,1
724,credit_card,HARD_DECLINE,3,0.696,16,998,0,0
5059,upi,CUSTOMER_ACTION_REQUIRED,1,0.361,7,1759,0,0
7510,debit_card,HARD_DECLINE,1,0.913,24,906,0,0
722,upi,CUSTOMER_ACTION_REQUIRED,1,0.754,17,935,1,0
4129,upi,TRANSIENT,2,0.28,20,725,0,0
2542,net_banking,SOFT_DECLINE,2,0.842,9,394,0,1
6332,credit_card,HARD_DECLINE,3,0.025,0,1837,1,0
4914,upi,SOFT_DECLINE,1,0.878,2,1992,1,0
4658,wallet,CUSTOMER_ACTION_REQUIRED,1,0.208,10,726,0,0
4476,debit_card,HARD_DECLINE,2,0.682,9,651,1,0
104,debit_card,HARD_DECLINE,1,0.963,22,1948,1,0
282,debit_card,HARD_DECLINE,3,0.643,4,1559,1,0
4185,upi,SOFT_DECLINE,1,0.959,16,477,0,1
5084,net_banking,SOFT_DECLINE,2,0.19,2,288,1,1
2627,credit_card,CUSTOMER_ACTION_REQUIRED,1,0.008,2,1094,1,0
4037,upi,TRANSIENT,1,0.024,5,1600,0,0
4233,debit_card,TRANSIENT,1,0.321,23,773,0,1
2219,credit_card,TRANSIENT,1,0.033,4,1296,1,0
293,upi,CUSTOMER_ACTION_REQUIRED,1,0.102,1,1155,0,0
5465,upi,UNKNOWN,1,0.457,6,436,0,0
1606,upi,TRANSIENT,2,0.029,5,383,1,0
2204,credit_card,CUSTOMER_ACTION_REQUIRED,1,0.171,3,1530,0,0
1959,credit_card,CUSTOMER_ACTION_REQUIRED,1,0.897,10,1367,0,0
5997,net_banking,HARD_DECLINE,1,0.32,9,576,0,0
4299,upi,HARD_DECLINE,2,0.29,0,1199,1,0
1817,wallet,HARD_DECLINE,1,0.715,3,399,0,0
6252,upi,CUSTOMER_ACTION_REQUIRED,1,0.162,10,534,0,0
3054,net_banking,HARD_DECLINE,2,0.214,22,1863,0,0
1686,net_banking,UNKNOWN,1,0.675,3,305,0,0
2842,net_banking,HARD_DECLINE,1,0.173,1,573,0,0
110,upi,CUSTOMER_ACTION_REQUIRED,2,0.438,21,461,0,0
3634,upi,CUSTOMER_ACTION_REQUIRED,1,0.237,17,837,0,0
3279,upi,UNKNOWN,1,0.978,7,1919,0,1
2338,upi,HARD_DECLINE,1,0.46,11,1740,0,0
3998,upi,CUSTOMER_ACTION_REQUIRED,2,0.643,5,1625,0,0
2518,upi,HARD_DECLINE,1,0.199,8,1368,0,0
5785,net_banking,TRANSIENT,3,0.083,21,1245,0,0
1272,debit_card,TRANSIENT,2,0.732,3,454,1,0
529,wallet,UNKNOWN,1,0.115,24,1557,0,1
5236,credit_card,SOFT_DECLINE,3,0.042,19,1507,1,0
362,upi,SOFT_DECLINE,1,0.925,23,1524,1,1
2511,debit_card,TRANSIENT,1,0.013,5,962,0,0
5584,debit_card,SOFT_DECLINE,1,0.09,0,1647,0,0
6540,net_banking,SOFT_DECLINE,2,0.576,10,305,1,1
259,net_banking,TRANSIENT,1,0.968,23,809,0,1
890,upi,HARD_DECLINE,2,0.215,21,1195,0,0
4123,debit_card,HARD_DECLINE,3,0.119,8,420,0,0
3121,debit_card,SOFT_DECLINE,1,0.924,6,1763,1,0
10497,upi,CUSTOMER_ACTION_REQUIRED,3,0.422,11,1287,1,0
4218,credit_card,SOFT_DECLINE,1,0.062,23,1507,0,0
3177,credit_card,CUSTOMER_ACTION_REQUIRED,1,0.65,3,731,1,0
4287,net_banking,TRANSIENT,2,0.008,22,1484,0,1
541,credit_card,TRANSIENT,3,0.564,24,1340,0,0
7110,upi,HARD_DECLINE,1,0.59,24,742,0,0
1823,credit_card,TRANSIENT,2,0.251,13,35,1,0
3151,upi,HARD_DECLINE,1,0.039,0,1680,0,0
412,credit_card,HARD_DECLINE,1,0.162,16,117,0,0
5524,upi,CUSTOMER_ACTION_REQUIRED,1,0.148,0,1808,0,0
3247,debit_card,HARD_DECLINE,1,0.247,14,1489,1,1
3693,net_banking,TRANSIENT,1,0.531,8,1037,1,0
6187,upi,TRANSIENT,1,0.532,16,1415,0,1
3500,credit_card,SOFT_DECLINE,1,0.12,0,713,1,0
805,credit_card,CUSTOMER_ACTION_REQUIRED,3,0.439,8,1746,0,0
5671,credit_card,CUSTOMER_ACTION_REQUIRED,1,0.525,4,1462,0,1
2012,credit_card,TRANSIENT,3,0.627,0,1576,1,1
3585,debit_card,SOFT_DECLINE,1,0.914,1,70,0,1
1388,upi,TRANSIENT,1,0.7,22,1322,0,1
1511,upi,SOFT_DECLINE,2,0.317,5,116,1,0
958,upi,TRANSIENT,1,0.913,25,1271,0,1
312,credit_card,TRANSIENT,1,0.439,3,1696,0,0
8224,credit_card,HARD_DECLINE,1,0.485,1,1023,0,0
404,credit_card,TRANSIENT,1,0.183,23,1440,0,0
10018,upi,HARD_DECLINE,1,0.015,22,1714,0,0
1332,wallet,SOFT_DECLINE,2,0.026,14,134,0,0
3712,credit_card,SOFT_DECLINE,1,0.665,0,1321,0,0
3445,net_banking,TRANSIENT,3,0.944,25,201,1,0
1291,upi,HARD_DECLINE,2,0.449,4,1867,1,0
99,upi,UNKNOWN,1,0.626,9,1930,0,1
584,credit_card,CUSTOMER_ACTION_REQUIRED,1,0.535,5,1582,1,0
2271,debit_card,CUSTOMER_ACTION_REQUIRED,2,0.233,14,1068,0,0
6075,credit_card,SOFT_DECLINE,1,0.32,21,221,0,1
3500,upi,TRANSIENT,1,0.403,24,1357,0,0
3812,debit_card,SOFT_DECLINE,1,0.67,17,1881,0,0
1188,upi,HARD_DECLINE,3,0.93,15,1391,0,0
7000,credit_card,HARD_DECLINE,1,0.581,3,756,0,0
6658,credit_card,HARD_DECLINE,1,0.674,25,1445,0,0
3503,debit_card,HARD_DECLINE,2,0.805,21,1343,0,0
269,upi,TRANSIENT,1,0.64,19,800,0,1
5710,upi,SOFT_DECLINE,1,0.065,0,343,0,1
3440,wallet,TRANSIENT,1,0.76,20,862,1,1
7206,wallet,TRANSIENT,1,0.4,22,1057,1,1
1924,wallet,SOFT_DECLINE,1,0.151,24,1109,0,0
4945,upi,SOFT_DECLINE,1,0.83,18,1865,0,0
3819,upi,SOFT_DECLINE,1,0.815,6,1493,0,1
4606,debit_card,SOFT_DECLINE,1,0.918,10,1169,0,1
3004,upi,HARD_DECLINE,3,0.36,8,1566,1,0
2738,credit_card,TRANSIENT,1,0.289,0,1643,0,1
3576,upi,TRANSIENT,1,0.912,23,163,0,1
3066,debit_card,SOFT_DECLINE,1,0.956,23,35,0,0
527,credit_card,HARD_DECLINE,1,0.271,16,1766,0,0
6065,upi,CUSTOMER_ACTION_REQUIRED,3,0.546,19,1388,0,0
1292,wallet,TRANSIENT,1,0.619,14,668,0,1
4922,net_banking,SOFT_DECLINE,1,0.314,21,130,1,0
4225,upi,HARD_DECLINE,1,0.687,15,769,1,0
5146,credit_card,CUSTOMER_ACTION_REQUIRED,1,0.728,7,1735,0,0
4853,debit_card,HARD_DECLINE,1,0.249,22,1356,1,0
5706,debit_card,SOFT_DECLINE,1,0.594,20,1202,1,1
3990,upi,SOFT_DECLINE,1,0.293,12,798,0,1
989,net_banking,CUSTOMER_ACTION_REQUIRED,1,0.327,13,566,1,0
1263,debit_card,UNKNOWN,2,0.49,14,726,0,1
3730,wallet,SOFT_DECLINE,1,0.506,19,89,0,1
3425,credit_card,HARD_DECLINE,1,0.381,4,1779,0,0
5748,credit_card,SOFT_DECLINE,2,0.347,1,48,0,0
5227,credit_card,TRANSIENT,1,0.294,24,1664,0,0
2500,upi,SOFT_DECLINE,1,0.067,0,242,1,1
4246,credit_card,UNKNOWN,3,0.852,8,1122,0,0
5559,credit_card,UNKNOWN,1,0.589,12,1015,0,0
1247,net_banking,TRANSIENT,1,0.596,11,939,0,0
5633,credit_card,UNKNOWN,2,0.853,20,1692,0,1
5983,credit_card,TRANSIENT,1,0.251,23,1585,0,1
2355,upi,SOFT_DECLINE,1,0.461,11,1707,0,0
1974,debit_card,SOFT_DECLINE,1,0.123,17,1452,0,0
3093,debit_card,CUSTOMER_ACTION_REQUIRED,1,0.676,13,551,1,0
3119,debit_card,HARD_DECLINE,1,0.197,2,258,1,0
2314,wallet,UNKNOWN,2,0.731,15,1427,0,0
6026,debit_card,UNKNOWN,3,0.398,6,527,0,0
3788,credit_card,HARD_DECLINE,2,0.539,21,377,0,0
4427,credit_card,SOFT_DECLINE,1,0.801,2,1272,0,0
2639,credit_card,CUSTOMER_ACTION_REQUIRED,1,0.994,7,695,0,0
1396,upi,TRANSIENT,1,0.848,9,54,1,0
3751,upi,HARD_DECLINE,2,0.441,16,616,0,1
3574,wallet,SOFT_DECLINE,1,0.254,21,1986,0,1
5171,debit_card,TRANSIENT,2,0.475,19,475,0,0
1656,upi,TRANSIENT,2,0.91,23,1401,1,0
5904,debit_card,TRANSIENT,1,0.539,12,1676,0,0
2261,debit_card,UNKNOWN,2,0.885,24,1444,0,0
1615,debit_card,UNKNOWN,1,0.84,21,311,1,1
1560,net_banking,CUSTOMER_ACTION_REQUIRED,3,0.54,12,1485,1,0
1009,net_banking,CUSTOMER_ACTION_REQUIRED,1,0.235,18,1652,1,0
306,upi,UNKNOWN,1,0.392,5,1962,0,1
6503,net_banking,TRANSIENT,1,0.212,4,278,1,1
1191,credit_card,TRANSIENT,1,0.063,16,820,0,0
4828,credit_card,TRANSIENT,2,0.92,21,1014,0,1
169,net_banking,SOFT_DECLINE,1,0.384,2,621,1,0
2211,credit_card,CUSTOMER_ACTION_REQUIRED,3,0.59,24,127,0,0
4695,upi,HARD_DECLINE,1,0.138,10,663,0,0
3174,upi,SOFT_DECLINE,2,0.995,14,1740,0,0
3123,net_banking,TRANSIENT,1,0.329,23,1234,0,0
5551,net_banking,SOFT_DECLINE,2,0.39,8,218,1,0
3760,debit_card,SOFT_DECLINE,2,0.709,22,1751,0,0
909,credit_card,UNKNOWN,1,0.818,18,580,0,0
3722,credit_card,SOFT_DECLINE,2,0.76,13,889,0,0
177,debit_card,TRANSIENT,1,0.607,25,61,0,1
1565,debit_card,HARD_DECLINE,2,0.118,16,1426,0,0
695,debit_card,HARD_DECLINE,1,0.454,2,1196,0,0
5423,credit_card,HARD_DECLINE,1,0.087,13,1834,0,0
168,wallet,SOFT_DECLINE,2,0.38,9,191,0,1
2559,net_banking,UNKNOWN,1,0.139,2,1635,0,0
321,wallet,SOFT_DECLINE,2,0.671,4,1029,1,0
3677,credit_card,HARD_DECLINE,2,0.835,17,326,1,0
1564,net_banking,HARD_DECLINE,1,0.943,10,1079,0,0
3613,net_banking,CUSTOMER_ACTION_REQUIRED,3,0.264,23,780,1,0
2218,debit_card,CUSTOMER_ACTION_REQUIRED,2,0.319,24,1065,1,0
5776,net_banking,TRANSIENT,1,0.831,22,1206,1,0
7769,debit_card,TRANSIENT,1,0.951,14,381,1,1
582,debit_card,CUSTOMER_ACTION_REQUIRED,1,0.163,17,1281,1,0
5568,credit_card,HARD_DECLINE,3,0.817,5,359,0,0
4606,credit_card,TRANSIENT,1,0.389,17,1922,0,0
4352,credit_card,TRANSIENT,2,0.753,1,217,1,1
2828,credit_card,TRANSIENT,1,0.807,21,206,1,1
942,credit_card,HARD_DECLINE,2,0.441,18,308,1,1
7602,debit_card,TRANSIENT,1,0.015,15,555,0,0
1066,net_banking,HARD_DECLINE,2,0.699,7,1690,0,0
2030,debit_card,SOFT_DECLINE,1,0.213,13,735,1,1
474,upi,UNKNOWN,3,0.793,16,1925,1,0
5101,net_banking,CUSTOMER_ACTION_REQUIRED,1,0.902,23,1614,1,1
181,debit_card,TRANSIENT,1,0.183,14,1857,1,0
1706,upi,HARD_DECLINE,1,0.524,7,720,0,1
2547,debit_card,SOFT_DECLINE,1,0.429,6,1234,0,0
6107,net_banking,UNKNOWN,3,0.503,17,651,0,0
4043,net_banking,TRANSIENT,2,0.406,4,1136,1,1
370,debit_card,SOFT_DECLINE,1,0.05,11,949,0,0
3433,debit_card,SOFT_DECLINE,2,0.594,17,1948,1,0
4528,debit_card,TRANSIENT,2,0.731,21,1258,1,1
105,wallet,UNKNOWN,1,0.601,21,69,1,0
3690,debit_card,HARD_DECLINE,1,0.687,5,374,0,0
764,net_banking,HARD_DECLINE,1,0.94,21,392,0,0
8153,credit_card,HARD_DECLINE,3,0.785,18,761,0,1
5143,debit_card,TRANSIENT,1,0.111,6,1797,0,1
2178,wallet,CUSTOMER_ACTION_REQUIRED,2,0.686,8,931,0,0
5799,credit_card,TRANSIENT,2,0.704,4,979,0,1
2203,upi,SOFT_DECLINE,2,0.644,7,1394,0,1
6363,debit_card,TRANSIENT,3,0.773,0,446,0,0
2077,debit_card,TRANSIENT,3,0.878,13,123,0,0
384,credit_card,HARD_DECLINE,3,0.955,20,719,0,0
2068,debit_card,TRANSIENT,1,0.75,11,1434,0,1
8997,credit_card,SOFT_DECLINE,1,0.578,20,69,0,0
5345,net_banking,CUSTOMER_ACTION_REQUIRED,1,0.547,22,929,0,1
1046,credit_card,HARD_DECLINE,2,0.717,6,1386,1,0
3259,upi,SOFT_DECLINE,3,0.862,0,35,0,0
2839,net_banking,HARD_DECLINE,1,0.348,0,179,0,0
3274,credit_card,SOFT_DECLINE,1,0.286,14,1130,1,0
899,upi,HARD_DECLINE,1,0.221,10,1783,1,1
1084,upi,HARD_DECLINE,2,0.892,21,125,0,1
5557,debit_card,HARD_DECLINE,1,0.151,3,211,0,0
1455,upi,HARD_DECLINE,1,0.896,10,1991,0,0
1079,net_banking,SOFT_DECLINE,1,0.323,18,1792,1,1
1308,upi,HARD_DECLINE,1,0.395,7,1982,0,0
6843,credit_card,CUSTOMER_ACTION_REQUIRED,1,0.354,5,189,1,0
3204,upi,CUSTOMER_ACTION_REQUIRED,1,0.907,3,216,0,0
4617,upi,TRANSIENT,2,0.168,20,1658,0,0
3062,net_banking,TRANSIENT,1,0.124,18,1893,0,1
3956,credit_card,SOFT_DECLINE,1,0.536,10,1156,0,0
3755,upi,CUSTOMER_ACTION_REQUIRED,1,0.973,5,1471,0,0
3011,upi,SOFT_DECLINE,3,0.479,24,1685,0,0
1306,wallet,TRANSIENT,2,0.155,18,1012,0,0
2690,wallet,SOFT_DECLINE,1,0.514,5,1509,0,1
3768,upi,TRANSIENT,2,0.537,20,1927,0,1
2975,credit_card,HARD_DECLINE,1,0.279,6,1527,1,0
5015,credit_card,SOFT_DECLINE,1,0.953,11,1212,0,1
2717,credit_card,TRANSIENT,1,0.208,1,597,0,0
2709,credit_card,TRANSIENT,2,0.498,4,1454,0,1
3222,credit_card,HARD_DECLINE,1,0.335,1,863,1,0
1695,net_banking,HARD_DECLINE,1,0.793,7,1944,0,0
5556,net_banking,SOFT_DECLINE,1,0.071,0,1364,1,0
4759,net_banking,SOFT_DECLINE,2,0.742,15,641,0,0
2982,credit_card,CUSTOMER_ACTION_REQUIRED,1,0.785,8,537,0,0
99,credit_card,CUSTOMER_ACTION_REQUIRED,1,0.162,18,196,0,0
609,debit_card,TRANSIENT,1,0.369,13,1753,0,1
2983,net_banking,UNKNOWN,1,0.234,12,1934,1,0
6063,debit_card,CUSTOMER_ACTION_REQUIRED,2,0.783,9,1373,1,0
4222,credit_card,SOFT_DECLINE,1,0.77,22,490,0,1
3805,upi,SOFT_DECLINE,2,0.385,13,1836,0,1
4407,credit_card,UNKNOWN,2,0.665,23,733,0,0
5416,upi,SOFT_DECLINE,1,0.886,1,1123,0,0
4788,upi,HARD_DECLINE,1,0.623,13,332,0,0
1223,upi,CUSTOMER_ACTION_REQUIRED,1,0.221,17,723,0,0
276,wallet,HARD_DECLINE,1,0.461,5,1850,0,1
2886,credit_card,SOFT_DECLINE,2,0.809,7,188,1,0
4677,debit_card,CUSTOMER_ACTION_REQUIRED,1,0.374,23,576,0,0
1179,net_banking,HARD_DECLINE,1,0.454,18,1488,0,0
2229,upi,SOFT_DECLINE,3,0.636,6,768,0,0
2677,wallet,HARD_DECLINE,2,0.777,12,2000,0,0
5450,credit_card,CUSTOMER_ACTION_REQUIRED,1,0.286,0,1126,0,1
1364,net_banking,SOFT_DECLINE,1,0.815,5,1587,0,1
1012,debit_card,HARD_DECLINE,1,0.302,14,402,1,0
2696,net_banking,TRANSIENT,2,0.589,3,574,1,1
4825,credit_card,CUSTOMER_ACTION_REQUIRED,2,0.265,17,1225,1,0
6223,debit_card,TRANSIENT,2,0.213,25,144,0,0
5890,debit_card,HARD_DECLINE,1,0.907,0,91,0,0
5453,net_banking,TRANSIENT,1,0.12,11,1524,0,1
2051,credit_card,UNKNOWN,1,0.363,21,602,0,1
1089,debit_card,CUSTOMER_ACTION_REQUIRED,2,0.89,15,129,1,1
3482,net_banking,UNKNOWN,3,0.677,22,1113,0,0
5304,credit_card,HARD_DECLINE,1,0.43,21,693,0,0
1432,credit_card,TRANSIENT,1,0.827,24,1318,0,0
8287,net_banking,CUSTOMER_ACTION_REQUIRED,1,0.649,21,123,1,0
5204,upi,SOFT_DECLINE,2,0.066,5,684,0,0
1578,debit_card,TRANSIENT,1,0.792,24,1911,1,1
1908,upi,CUSTOMER_ACTION_REQUIRED,1,0.164,1,436,1,0
527,upi,SOFT_DECLINE,3,0.027,20,411,0,0
2717,credit_card,SOFT_DECLINE,1,0.374,19,751,0,0
3852,net_banking,HARD_DECLINE,2,0.815,7,1462,0,0
4147,credit_card,HARD_DECLINE,1,0.853,22,1450,0,0
4804,debit_card,TRANSIENT,1,0.35,1,991,0,0
4902,debit_card,HARD_DECLINE,1,0.389,15,1643,0,0
3217,net_banking,CUSTOMER_ACTION_REQUIRED,1,0.125,12,234,0,0
3666,upi,CUSTOMER_ACTION_REQUIRED,2,0.558,17,1324,0,0
3957,debit_card,UNKNOWN,3,0.762,17,1790,1,0
394,debit_card,TRANSIENT,1,0.145,6,1444,0,1
4177,upi,TRANSIENT,2,0.254,4,738,0,0
3125,credit_card,HARD_DECLINE,2,0.991,20,1791,1,0
5138,credit_card,SOFT_DECLINE,3,0.338,11,1373,1,0
7779,upi,CUSTOMER_ACTION_REQUIRED,2,0.864,7,166,0,1
3535,debit_card,TRANSIENT,2,0.006,21,675,1,0
1064,credit_card,SOFT_DECLINE,1,0.148,21,176,1,0
3795,credit_card,SOFT_DECLINE,1,0.828,15,1375,0,1
605,upi,HARD_DECLINE,1,0.318,18,178,0,0
590,debit_card,HARD_DECLINE,1,0.566,21,730,1,0
4741,upi,HARD_DECLINE,1,0.376,6,1240,1,0
2919,credit_card,SOFT_DECLINE,1,0.254,13,354,0,1
3011,debit_card,CUSTOMER_ACTION_REQUIRED,1,0.662,4,659,1,1
5889,upi,TRANSIENT,1,0.567,14,861,1,0
1061,credit_card,SOFT_DECLINE,1,0.893,7,193,0,0
266,debit_card,TRANSIENT,1,0.339,18,1116,0,0
5722,debit_card,SOFT_DECLINE,2,0.936,20,1432,0,0
182,credit_card,HARD_DECLINE,1,0.309,0,1983,0,0
881,debit_card,HARD_DECLINE,1,0.145,5,277,0,0
3705,debit_card,TRANSIENT,1,0.64,25,1917,1,1
1135,credit_card,TRANSIENT,3,0.464,9,663,0,0
411,credit_card,SOFT_DECLINE,1,0.941,13,1701,1,0
3880,wallet,SOFT_DECLINE,1,0.331,0,862,1,1
905,credit_card,TRANSIENT,1,0.427,5,981,0,1
1691,upi,HARD_DECLINE,1,0.696,7,687,1,0
3997,upi,HARD_DECLINE,1,0.161,13,1411,1,0
5094,net_banking,UNKNOWN,2,0.916,19,1770,0,0
5284,debit_card,SOFT_DECLINE,1,0.299,10,1573,1,0
1792,upi,UNKNOWN,1,0.257,2,1651,0,0
542,net_banking,SOFT_DECLINE,1,0.706,8,594,0,1
780,credit_card,HARD_DECLINE,1,0.017,24,1414,0,0
546,credit_card,TRANSIENT,1,0.723,23,1945,1,1
1370,upi,CUSTOMER_ACTION_REQUIRED,2,0.583,8,234,1,1
1814,net_banking,TRANSIENT,2,0.115,15,1589,1,0
2432,debit_card,CUSTOMER_ACTION_REQUIRED,1,0.63,25,875,0,0
4318,net_banking,HARD_DECLINE,1,0.278,13,1767,1,0
4329,upi,TRANSIENT,1,0.823,4,1867,0,1
2718,credit_card,TRANSIENT,2,0.864,16,1477,0,1
232,upi,HARD_DECLINE,2,0.964,17,1954,0,0
4827,upi,UNKNOWN,1,0.298,8,1454,1,0
2334,credit_card,TRANSIENT,1,0.371,6,637,0,1
2962,net_banking,SOFT_DECLINE,1,0.31,9,405,1,1
2348,debit_card,TRANSIENT,2,0.714,13,1063,0,0
2422,upi,HARD_DECLINE,1,0.902,20,672,0,0
2850,credit_card,HARD_DECLINE,2,0.959,4,1844,0,1
3700,debit_card,HARD_DECLINE,1,0.994,9,455,0,1
2415,upi,TRANSIENT,2,0.947,5,361,0,0
4748,debit_card,SOFT_DECLINE,2,0.754,24,356,1,1
6788,upi,UNKNOWN,1,0.136,4,706,0,0
3223,net_banking,TRANSIENT,1,0.468,2,1533,0,0
4745,debit_card,SOFT_DECLINE,3,0.011,13,320,0,0
3022,net_banking,SOFT_DECLINE,1,0.642,6,144,1,0
7153,upi,CUSTOMER_ACTION_REQUIRED,1,0.258,15,379,1,0
3881,wallet,HARD_DECLINE,1,0.068,25,1220,0,0
3960,credit_card,CUSTOMER_ACTION_REQUIRED,1,0.163,5,1385,0,0
4573,credit_card,CUSTOMER_ACTION_REQUIRED,3,0.259,17,977,0,0
679,debit_card,CUSTOMER_ACTION_REQUIRED,2,0.495,8,877,1,0
3715,net_banking,HARD_DECLINE,1,0.542,17,1816,0,0
2639,upi,HARD_DECLINE,1,0.872,2,398,1,0
2064,upi,CUSTOMER_ACTION_REQUIRED,2,0.282,8,1903,0,0
718,debit_card,UNKNOWN,2,0.451,24,1956,1,0
5942,credit_card,TRANSIENT,3,0.042,22,739,0,0
3897,upi,CUSTOMER_ACTION_REQUIRED,1,0.916,2,960,0,0
4722,upi,SOFT_DECLINE,1,0.353,18,1298,0,0
2543,debit_card,TRANSIENT,2,0.764,15,238,1,1
2949,debit_card,SOFT_DECLINE,1,0.164,11,1785,1,1
4763,debit_card,SOFT_DECLINE,1,0.811,18,1830,0,0
2661,credit_card,TRANSIENT,2,0.202,9,632,1,0
823,debit_card,CUSTOMER_ACTION_REQUIRED,2,0.499,19,1218,0,1
5415,net_banking,SOFT_DECLINE,2,0.766,21,745,1,0
3156,upi,SOFT_DECLINE,1,0.257,22,1880,1,0
5954,credit_card,HARD_DECLINE,1,0.268,14,1916,0,0
142,net_banking,TRANSIENT,1,0.018,2,1844,0,0
5362,upi,TRANSIENT,2,0.158,18,615,1,1
3416,net_banking,CUSTOMER_ACTION_REQUIRED,1,0.042,18,680,1,0
3131,credit_card,HARD_DECLINE,2,0.646,5,1723,0,0
6712,credit_card,HARD_DECLINE,1,0.076,21,560,0,1
4369,debit_card,HARD_DECLINE,1,0.538,1,119,1,0
6769,upi,CUSTOMER_ACTION_REQUIRED,1,0.819,2,392,0,1
1545,upi,CUSTOMER_ACTION_REQUIRED,2,0.883,22,792,0,0
4507,debit_card,SOFT_DECLINE,3,0.298,0,242,0,1
5007,upi,SOFT_DECLINE,1,0.134,21,31,1,0
3772,debit_card,HARD_DECLINE,3,0.442,16,1013,1,0
1070,upi,SOFT_DECLINE,3,0.399,9,1617,0,0
4643,credit_card,HARD_DECLINE,2,0.112,4,1494,0,0
6805,credit_card,TRANSIENT,1,0.163,8,1119,1,0
3410,debit_card,SOFT_DECLINE,1,0.88,24,1795,0,1
5409,upi,SOFT_DECLINE,1,0.594,19,598,0,0
6471,debit_card,HARD_DECLINE,1,0.735,0,146,1,0
2880,upi,SOFT_DECLINE,1,0.348,6,1561,1,1
911,credit_card,SOFT_DECLINE,1,0.322,1,698,0,1
2852,net_banking,CUSTOMER_ACTION_REQUIRED,1,0.689,13,1755,0,1
2952,upi,HARD_DECLINE,1,0.451,17,1458,0,0
3978,net_banking,HARD_DECLINE,1,0.89,16,1278,0,0
1782,credit_card,CUSTOMER_ACTION_REQUIRED,2,0.408,23,200,0,0
6557,wallet,CUSTOMER_ACTION_REQUIRED,2,0.177,14,244,1,0
837,credit_card,UNKNOWN,3,0.19,21,1065,0,0
5532,upi,TRANSIENT,1,0.971,11,1868,1,1
4819,credit_card,HARD_DECLINE,1,0.708,24,1537,0,1
270,debit_card,UNKNOWN,1,0.629,11,1720,0,1
5386,debit_card,CUSTOMER_ACTION_REQUIRED,1,0.654,8,536,0,0
656,debit_card,SOFT_DECLINE,1,0.111,18,888,0,0
4492,upi,TRANSIENT,1,0.497,23,1413,1,0
240,upi,HARD_DECLINE,2,0.534,24,379,0,0
5695,credit_card,CUSTOMER_ACTION_REQUIRED,1,0.308,16,1244,0,0
2618,credit_card,SOFT_DECLINE,2,0.764,23,640,0,0
5644,debit_card,HARD_DECLINE,2,0.143,19,873,0,0
755,upi,SOFT_DECLINE,1,0.004,25,1249,0,0
1872,upi,SOFT_DECLINE,2,0.851,9,860,1,0
879,upi,TRANSIENT,1,0.243,14,1092,0,1
2945,upi,SOFT_DECLINE,2,0.107,12,629,0,0
3396,debit_card,SOFT_DECLINE,2,0.806,0,699,0,1
1543,credit_card,CUSTOMER_ACTION_REQUIRED,1,0.961,1,842,0,0
1090,credit_card,CUSTOMER_ACTION_REQUIRED,2,0.359,3,1607,1,0
2453,upi,SOFT_DECLINE,2,0.804,10,1018,1,0
2839,upi,HARD_DECLINE,2,0.995,17,741,0,0
1058,net_banking,TRANSIENT,1,0.371,0,126,1,1
2498,debit_card,SOFT_DECLINE,2,0.779,11,1351,1,0
1955,debit_card,UNKNOWN,1,0.261,18,422,0,0
2252,net_banking,HARD_DECLINE,1,0.761,23,1898,1,1
5624,debit_card,SOFT_DECLINE,2,0.035,3,1322,0,0
3670,credit_card,CUSTOMER_ACTION_REQUIRED,1,0.969,4,1261,0,1
8563,upi,SOFT_DECLINE,3,0.559,12,1706,0,0
3302,debit_card,UNKNOWN,1,0.344,19,923,0,1
1737,upi,UNKNOWN,1,0.855,3,1277,1,1
1764,upi,UNKNOWN,1,0.307,12,651,0,0
7262,upi,SOFT_DECLINE,2,0.326,3,1766,0,1
6197,credit_card,TRANSIENT,1,0.729,6,238,1,0
2777,credit_card,CUSTOMER_ACTION_REQUIRED,2,0.394,21,408,0,0
2577,upi,TRANSIENT,2,0.633,14,1043,1,0
3980,debit_card,SOFT_DECLINE,1,0.347,10,1488,0,0
1713,upi,TRANSIENT,1,0.713,10,237,0,0
6554,debit_card,SOFT_DECLINE,1,0.067,10,1906,1,0
5276,debit_card,TRANSIENT,1,0.472,24,779,0,1
4500,debit_card,TRANSIENT,1,0.743,23,635,1,0
1593,debit_card,SOFT_DECLINE,1,0.199,9,1765,0,1
7301,debit_card,SOFT_DECLINE,1,0.222,3,1115,1,1
3233,upi,HARD_DECLINE,3,0.98,13,1947,1,0
6587,credit_card,SOFT_DECLINE,3,0.068,25,386,0,0
1001,net_banking,TRANSIENT,1,0.182,14,1446,1,1
3867,net_banking,HARD_DECLINE,2,0.483,25,1636,0,0
459,credit_card,HARD_DECLINE,1,0.869,15,209,0,0
4297,credit_card,SOFT_DECLINE,2,0.589,2,665,1,0
2893,upi,TRANSIENT,2,0.262,10,137,0,0
5425,upi,HARD_DECLINE,1,0.532,17,726,0,0
6565,credit_card,SOFT_DECLINE,1,0.704,17,1247,0,0
1352,credit_card,CUSTOMER_ACTION_REQUIRED,1,0.277,16,1620,0,0
925,net_banking,UNKNOWN,1,0.171,11,1717,0,0
1169,upi,HARD_DECLINE,2,0.126,16,1549,1,0
2915,credit_card,TRANSIENT,1,0.66,21,1762,0,1
214,debit_card,TRANSIENT,1,0.608,14,1870,1,1
1024,upi,SOFT_DECLINE,3,0.811,25,574,0,0
9178,net_banking,SOFT_DECLINE,1,0.391,16,244,1,0
1174,credit_card,HARD_DECLINE,2,0.114,2,1213,1,0
2927,debit_card,SOFT_DECLINE,1,0.916,18,53,0,1
6218,upi,HARD_DECLINE,1,0.846,3,941,0,1
583,upi,SOFT_DECLINE,1,0.423,6,482,0,1
2892,upi,HARD_DECLINE,1,0.722,23,54,0,0
106,upi,TRANSIENT,1,0.744,3,1208,1,1
1791,wallet,TRANSIENT,3,0.307,20,1803,1,1
2003,credit_card,HARD_DECLINE,1,0.531,17,1663,1,0
4251,credit_card,TRANSIENT,1,0.461,12,172,0,0
3504,debit_card,HARD_DECLINE,1,0.758,4,1903,0,0
1475,upi,SOFT_DECLINE,1,0.798,1,1472,1,1
4093,net_banking,SOFT_DECLINE,2,0.971,2,781,0,1
1752,credit_card,HARD_DECLINE,1,0.585,18,410,0,0
5130,debit_card,TRANSIENT,1,0.957,19,117,0,0
3248,debit_card,CUSTOMER_ACTION_REQUIRED,1,0.595,24,1361,0,1
3543,credit_card,CUSTOMER_ACTION_REQUIRED,1,0.378,8,555,1,0
10450,credit_card,SOFT_DECLINE,1,0.949,20,1856,1,0
8767,net_banking,CUSTOMER_ACTION_REQUIRED,1,0.266,11,284,1,0
3319,credit_card,SOFT_DECLINE,1,0.42,13,305,0,0
2959,upi,TRANSIENT,2,0.453,16,1576,0,0
99,net_banking,HARD_DECLINE,1,0.495,8,1453,0,0
1508,upi,CUSTOMER_ACTION_REQUIRED,2,0.004,5,384,0,0
1099,upi,SOFT_DECLINE,1,0.961,3,1782,0,0
3560,debit_card,HARD_DECLINE,2,0.136,15,282,0,0
5186,wallet,TRANSIENT,3,0.789,24,815,0,0
2950,upi,HARD_DECLINE,1,0.305,6,1239,0,0
418,debit_card,TRANSIENT,2,0.962,7,1529,1,1
2190,debit_card,HARD_DECLINE,2,0.094,22,47,0,0
4638,wallet,TRANSIENT,2,0.969,5,1146,1,1
7378,credit_card,SOFT_DECLINE,1,0.262,20,1765,1,0
2620,upi,CUSTOMER_ACTION_REQUIRED,1,0.007,24,602,1,1
685,upi,HARD_DECLINE,2,0.272,18,470,1,0
2455,net_banking,HARD_DECLINE,1,0.616,3,1985,0,1
2314,debit_card,HARD_DECLINE,1,0.587,23,1172,0,0
1489,net_banking,UNKNOWN,1,0.078,15,1754,1,1
2238,credit_card,SOFT_DECLINE,2,0.646,6,383,0,1
3868,credit_card,CUSTOMER_ACTION_REQUIRED,1,0.688,6,132,0,1
5296,upi,SOFT_DECLINE,1,0.934,4,1625,1,1
5025,credit_card,HARD_DECLINE,1,0.571,6,868,0,0
1393,debit_card,TRANSIENT,2,0.03,3,1043,1,1
5744,wallet,HARD_DECLINE,2,0.089,24,1624,1,0
3452,credit_card,TRANSIENT,1,0.381,1,1552,0,0
3221,debit_card,HARD_DECLINE,2,0.316,22,1614,1,0
3516,debit_card,TRANSIENT,1,0.547,2,1000,0,1
4390,debit_card,SOFT_DECLINE,1,0.302,25,1936,0,1
2853,upi,TRANSIENT,1,0.342,6,1896,0,0
6730,upi,TRANSIENT,1,0.305,14,1663,0,0
1427,credit_card,SOFT_DECLINE,2,0.421,20,753,1,1
1030,debit_card,TRANSIENT,1,0.557,21,304,1,1
232,upi,HARD_DECLINE,1,0.382,4,246,1,0
1184,net_banking,SOFT_DECLINE,1,0.43,12,1581,0,0
649,net_banking,CUSTOMER_ACTION_REQUIRED,1,0.556,25,1829,0,0
2367,credit_card,SOFT_DECLINE,1,0.526,9,964,1,0
3598,net_banking,TRANSIENT,1,0.089,18,254,0,0
4815,upi,HARD_DECLINE,1,0.571,23,1594,0,0
4085,wallet,CUSTOMER_ACTION_REQUIRED,1,0.962,20,291,0,0
2680,credit_card,UNKNOWN,1,0.951,16,353,1,0
5660,debit_card,SOFT_DECLINE,1,0.148,0,374,1,1
4313,debit_card,HARD_DECLINE,1,0.903,0,1829,1,1
2468,credit_card,TRANSIENT,1,0.249,9,1553,0,1
6011,credit_card,TRANSIENT,1,0.778,2,278,1,1
3091,upi,TRANSIENT,2,0.092,18,1572,0,1
3827,upi,TRANSIENT,2,0.673,24,1212,0,0
5634,debit_card,HARD_DECLINE,1,0.733,9,1142,0,0
267,net_banking,UNKNOWN,1,0.245,1,77,0,0
2157,debit_card,UNKNOWN,2,0.249,3,1853,1,0
7257,credit_card,UNKNOWN,1,0.662,17,1352,0,0
5937,upi,SOFT_DECLINE,3,0.309,0,417,0,0
4222,credit_card,HARD_DECLINE,1,0.411,14,688,0,0
7059,credit_card,HARD_DECLINE,2,0.273,12,914,0,0
2617,upi,TRANSIENT,1,0.139,24,1134,0,0
6572,credit_card,TRANSIENT,1,0.447,24,621,0,1
108,credit_card,CUSTOMER_ACTION_REQUIRED,1,0.262,10,1883,1,0
2431,upi,CUSTOMER_ACTION_REQUIRED,1,0.312,7,735,0,1
6557,credit_card,SOFT_DECLINE,3,0.552,10,249,0,0
5408,upi,UNKNOWN,2,0.975,11,1186,1,0
5739,credit_card,CUSTOMER_ACTION_REQUIRED,1,0.055,13,866,1,1
3553,debit_card,HARD_DECLINE,1,0.03,23,1830,0,0
2464,credit_card,UNKNOWN,1,0.351,4,90,0,0
2668,debit_card,SOFT_DECLINE,1,0.429,24,695,1,0
3053,net_banking,CUSTOMER_ACTION_REQUIRED,2,0.971,9,1371,1,1
838,wallet,SOFT_DECLINE,2,0.3,0,249,0,0
2857,debit_card,TRANSIENT,1,0.732,15,1761,1,1
502,debit_card,HARD_DECLINE,1,0.41,5,364,0,0
2970,credit_card,HARD_DECLINE,1,0.987,16,832,0,0
4579,debit_card,SOFT_DECLINE,2,0.4,4,1782,1,0
5167,upi,UNKNOWN,2,0.442,8,1648,0,0
6119,upi,CUSTOMER_ACTION_REQUIRED,1,0.639,11,60,1,0
126,debit_card,TRANSIENT,1,0.146,7,671,0,0
2989,debit_card,SOFT_DECLINE,1,0.739,12,1151,1,1
1258,upi,TRANSIENT,2,0.356,11,555,0,1
3781,upi,UNKNOWN,1,0.283,2,1599,1,0
2020,upi,HARD_DECLINE,1,0.249,21,908,1,0
2704,upi,HARD_DECLINE,1,0.864,25,396,0,0
4673,net_banking,SOFT_DECLINE,1,0.866,0,741,0,0
1191,credit_card,UNKNOWN,1,0.878,9,431,0,1
3819,credit_card,CUSTOMER_ACTION_REQUIRED,1,0.311,23,1977,0,1
2048,debit_card,UNKNOWN,1,0.73,16,818,1,1
4005,wallet,TRANSIENT,1,0.592,19,1898,0,1
6205,credit_card,CUSTOMER_ACTION_REQUIRED,1,0.298,15,1695,1,1
630,upi,HARD_DECLINE,2,0.415,24,1564,1,0
1502,net_banking,SOFT_DECLINE,2,0.94,21,1494,0,0
5942,debit_card,TRANSIENT,2,0.636,16,703,0,0
5096,credit_card,HARD_DECLINE,3,0.341,10,1115,1,0
1943,credit_card,SOFT_DECLINE,1,0.745,15,311,0,0
2105,credit_card,TRANSIENT,1,0.416,13,86,0,0
3669,debit_card,HARD_DECLINE,1,0.596,24,1234,0,0
1864,upi,SOFT_DECLINE,1,0.485,7,112,0,0
7468,net_banking,CUSTOMER_ACTION_REQUIRED,1,0.674,22,1154,0,0
3195,debit_card,CUSTOMER_ACTION_REQUIRED,1,0.651,21,1807,1,0
4449,net_banking,TRANSIENT,2,0.391,1,1646,0,0
2666,upi,HARD_DECLINE,2,0.26,21,996,1,0
530,debit_card,HARD_DECLINE,1,0.85,11,1457,0,0
4477,debit_card,TRANSIENT,2,0.839,9,1716,1,1
3249,credit_card,SOFT_DECLINE,3,0.813,16,1600,1,0
3729,credit_card,SOFT_DECLINE,2,0.113,17,1802,1,1
3499,credit_card,SOFT_DECLINE,1,0.107,13,1260,0,1
3219,net_banking,TRANSIENT,1,0.101,2,802,0,1
1418,upi,CUSTOMER_ACTION_REQUIRED,2,0.245,21,1807,0,0
4339,debit_card,TRANSIENT,1,0.326,3,1833,0,0
4660,upi,SOFT_DECLINE,2,0.787,3,685,0,0
5459,upi,SOFT_DECLINE,2,0.137,24,186,0,0
3238,credit_card,SOFT_DECLINE,1,0.507,10,771,1,1
5400,credit_card,UNKNOWN,2,0.599,5,495,0,1
3252,credit_card,SOFT_DECLINE,1,0.28,24,977,0,1
1800,credit_card,TRANSIENT,1,0.061,16,979,1,1
509,upi,SOFT_DECLINE,1,0.665,1,473,1,1
2294,debit_card,UNKNOWN,2,0.889,9,1712,1,0
1839,upi,CUSTOMER_ACTION_REQUIRED,1,0.173,8,1608,0,0
833,credit_card,SOFT_DECLINE,1,0.555,9,123,0,0
5956,debit_card,TRANSIENT,1,0.946,22,452,0,1
627,net_banking,SOFT_DECLINE,1,0.692,11,1266,1,0
2191,debit_card,SOFT_DECLINE,2,0.694,25,569,0,0
3127,upi,UNKNOWN,1,0.058,10,1627,0,0
699,upi,TRANSIENT,2,0.145,6,1213,0,1
2535,upi,CUSTOMER_ACTION_REQUIRED,1,0.952,24,48,1,0
5647,debit_card,HARD_DECLINE,1,0.463,22,724,1,0
4005,upi,CUSTOMER_ACTION_REQUIRED,2,0.241,25,1109,1,0
2996,net_banking,SOFT_DECLINE,2,0.18,22,390,1,0
1679,credit_card,SOFT_DECLINE,1,0.465,11,1363,0,0
2240,debit_card,TRANSIENT,1,0.617,17,791,1,1
3399,upi,HARD_DECLINE,1,0.375,3,1741,0,0
3263,net_banking,TRANSIENT,1,0.413,18,1657,0,1
3553,credit_card,UNKNOWN,2,0.269,2,154,0,1
3374,debit_card,TRANSIENT,1,0.998,12,1922,1,0
2678,debit_card,TRANSIENT,1,0.033,18,436,1,1
2391,credit_card,SOFT_DECLINE,2,0.863,14,357,0,0
6225,credit_card,SOFT_DECLINE,1,0.54,18,96,0,0
5535,credit_card,SOFT_DECLINE,2,0.987,10,252,0,1
648,credit_card,HARD_DECLINE,2,0.991,15,399,0,1
1240,credit_card,CUSTOMER_ACTION_REQUIRED,1,0.975,18,1703,0,1
4500,debit_card,SOFT_DECLINE,1,0.331,5,959,0,0
1332,wallet,SOFT_DECLINE,2,0.586,0,957,0,0
1969,debit_card,SOFT_DECLINE,1,0.748,11,1573,0,0
126,debit_card,TRANSIENT,1,0.842,5,1248,1,1
1866,debit_card,TRANSIENT,2,0.299,7,1299,1,1
3831,credit_card,HARD_DECLINE,1,0.192,6,384,1,0
8285,credit_card,SOFT_DECLINE,2,0.906,25,708,1,0
3337,net_banking,TRANSIENT,1,0.718,1,492,0,1
5243,net_banking,CUSTOMER_ACTION_REQUIRED,1,0.783,19,426,0,0
3130,credit_card,CUSTOMER_ACTION_REQUIRED,1,0.132,25,1130,1,0
8605,wallet,HARD_DECLINE,1,0.126,25,581,0,1
3783,credit_card,CUSTOMER_ACTION_REQUIRED,1,0.908,19,1261,0,0
1096,credit_card,TRANSIENT,1,0.198,15,971,1,1
492,net_banking,TRANSIENT,2,0.641,18,446,0,1
5240,credit_card,UNKNOWN,1,0.396,2,1469,1,0
7613,debit_card,TRANSIENT,1,0.319,21,1777,0,0
1311,credit_card,SOFT_DECLINE,3,0.701,19,901,1,0
99,credit_card,TRANSIENT,2,0.902,10,1821,1,1
972,credit_card,TRANSIENT,1,0.23,10,756,1,1
5885,upi,TRANSIENT,1,0.666,1,1089,0,1
5106,upi,HARD_DECLINE,1,0.605,4,796,0,0
1164,wallet,TRANSIENT,2,0.628,21,688,0,0
2980,credit_card,TRANSIENT,3,0.007,24,1141,0,1
2696,debit_card,SOFT_DECLINE,2,0.758,18,1237,0,0
116,net_banking,TRANSIENT,3,0.166,14,1497,0,0
529,credit_card,SOFT_DECLINE,2,0.359,16,1116,1,0
2559,upi,TRANSIENT,2,0.711,15,306,0,1
641,credit_card,HARD_DECLINE,2,0.362,6,1795,0,0
3407,credit_card,HARD_DECLINE,1,0.169,5,383,1,0
320,debit_card,HARD_DECLINE,3,0.406,24,1838,0,0
6560,credit_card,HARD_DECLINE,2,0.881,20,56,1,0
2696,credit_card,HARD_DECLINE,1,0.594,25,57,0,0
5035,net_banking,SOFT_DECLINE,1,0.134,12,30,1,0
5303,net_banking,SOFT_DECLINE,1,0.067,9,1355,1,0
2452,credit_card,HARD_DECLINE,2,0.575,7,789,0,0
3572,credit_card,TRANSIENT,3,0.222,0,1453,1,0
2050,credit_card,UNKNOWN,1,0.037,12,605,0,0
9412,net_banking,HARD_DECLINE,2,0.391,6,1481,0,0
5303,upi,TRANSIENT,1,0.173,8,897,1,0
2213,net_banking,HARD_DECLINE,2,0.198,13,264,1,0
1497,credit_card,HARD_DECLINE,1,0.435,4,1952,1,1
1695,net_banking,SOFT_DECLINE,1,0.179,15,1378,0,0
8401,debit_card,SOFT_DECLINE,3,0.032,22,456,0,0
5156,wallet,TRANSIENT,2,0.473,10,234,0,0
1674,net_banking,UNKNOWN,1,0.615,6,383,1,1
3412,credit_card,CUSTOMER_ACTION_REQUIRED,2,0.078,15,374,1,0
5103,upi,HARD_DECLINE,1,0.389,8,948,0,0
3341,net_banking,TRANSIENT,1,0.842,4,886,0,1
622,credit_card,HARD_DECLINE,1,0.734,8,159,0,0
732,debit_card,TRANSIENT,2,0.482,8,387,1,0
2987,upi,TRANSIENT,2,0.835,1,1221,0,1
5754,upi,TRANSIENT,2,0.411,3,631,1,0
3893,credit_card,CUSTOMER_ACTION_REQUIRED,1,0.051,23,798,1,0
1458,wallet,CUSTOMER_ACTION_REQUIRED,2,0.849,4,1421,0,0
5082,net_banking,SOFT_DECLINE,3,0.782,11,1379,1,0
2929,net_banking,SOFT_DECLINE,3,0.149,15,1923,0,0
252,upi,TRANSIENT,1,0.041,14,1360,0,0
268,wallet,TRANSIENT,1,0.337,1,496,0,1
6164,upi,CUSTOMER_ACTION_REQUIRED,1,0.027,15,1350,0,0
4396,debit_card,CUSTOMER_ACTION_REQUIRED,1,0.136,23,405,0,0
2238,upi,SOFT_DECLINE,1,0.081,0,1609,0,0
764,debit_card,SOFT_DECLINE,1,0.826,12,994,0,0
2966,upi,TRANSIENT,1,0.515,19,1808,0,0
5489,credit_card,UNKNOWN,2,0.848,21,1334,1,1
721,upi,CUSTOMER_ACTION_REQUIRED,1,0.648,17,895,0,0
2897,debit_card,SOFT_DECLINE,1,0.187,1,1591,1,0
2394,wallet,HARD_DECLINE,2,0.015,6,1962,0,0
207,debit_card,HARD_DECLINE,1,0.537,5,1034,1,1
515,wallet,HARD_DECLINE,2,0.773,7,979,1,0
3941,debit_card,UNKNOWN,1,0.405,9,353,1,0
1072,upi,HARD_DECLINE,2,0.972,2,1411,0,0
2603,wallet,SOFT_DECLINE,1,0.775,19,887,0,0
2706,credit_card,HARD_DECLINE,1,0.539,6,34,0,0
2566,wallet,SOFT_DECLINE,1,0.776,21,1640,1,1
6180,net_banking,TRANSIENT,2,0.74,14,1514,0,1
1162,net_banking,SOFT_DECLINE,2,0.663,21,263,1,0
4592,upi,HARD_DECLINE,3,0.052,12,1362,0,0
6058,upi,HARD_DECLINE,1,0.329,6,1954,0,1
6788,net_banking,SOFT_DECLINE,3,0.412,9,117,0,1
6507,upi,TRANSIENT,2,0.859,14,356,0,0
3702,debit_card,HARD_DECLINE,1,0.87,9,1735,1,0
4634,credit_card,HARD_DECLINE,1,0.66,10,1978,0,0
769,credit_card,SOFT_DECLINE,1,0.54,13,1949,0,1
3966,net_banking,HARD_DECLINE,1,0.392,0,1171,1,1
1809,upi,TRANSIENT,1,0.636,25,388,0,1
2664,net_banking,HARD_DECLINE,2,0.381,20,406,0,0
4722,net_banking,SOFT_DECLINE,1,0.006,5,52,0,0
1907,upi,HARD_DECLINE,1,0.408,0,1229,1,0
6493,debit_card,UNKNOWN,1,0.183,8,1197,0,0
213,credit_card,UNKNOWN,1,0.132,24,631,1,0
693,net_banking,CUSTOMER_ACTION_REQUIRED,1,0.352,7,1460,0,0
4757,upi,HARD_DECLINE,2,0.278,0,527,0,0
1050,net_banking,SOFT_DECLINE,1,0.147,11,1820,0,0
2347,debit_card,SOFT_DECLINE,1,0.999,4,502,0,1
6891,upi,CUSTOMER_ACTION_REQUIRED,2,0.529,9,1228,1,0
7815,net_banking,SOFT_DECLINE,2,0.174,23,133,0,1
2011,credit_card,SOFT_DECLINE,3,0.564,4,52,0,0
677,net_banking,UNKNOWN,1,0.345,19,1238,0,0
1921,credit_card,HARD_DECLINE,3,0.603,23,1152,1,0
6138,debit_card,HARD_DECLINE,1,0.495,19,413,0,0
2453,credit_card,TRANSIENT,1,0.173,16,1970,0,1
1412,credit_card,HARD_DECLINE,2,0.976,19,203,1,1
6005,credit_card,TRANSIENT,1,0.297,20,1378,0,0
2982,upi,TRANSIENT,2,0.741,21,494,0,0
2066,upi,HARD_DECLINE,1,0.118,6,1087,0,0
1717,upi,TRANSIENT,1,0.54,20,700,0,1
2639,upi,TRANSIENT,3,0.135,0,704,0,0
3487,debit_card,TRANSIENT,1,0.932,13,906,0,0
7694,credit_card,HARD_DECLINE,3,0.401,18,1955,0,0
10249,wallet,UNKNOWN,1,0.534,0,204,0,0
4570,credit_card,HARD_DECLINE,2,0.409,16,911,0,0
6088,upi,TRANSIENT,2,0.85,0,664,1,0
1182,credit_card,SOFT_DECLINE,1,0.226,2,1374,1,0
5918,debit_card,SOFT_DECLINE,1,0.642,2,1046,0,1
3233,credit_card,TRANSIENT,1,0.663,1,330,0,0
2419,upi,HARD_DECLINE,1,0.193,14,112,1,0
291,net_banking,CUSTOMER_ACTION_REQUIRED,1,0.847,9,1156,0,0
2995,credit_card,SOFT_DECLINE,2,0.774,10,164,0,0
99,debit_card,HARD_DECLINE,1,0.777,19,176,0,0
7105,upi,UNKNOWN,1,0.695,21,370,0,0
2408,debit_card,TRANSIENT,1,0.256,19,1696,1,0
2024,debit_card,SOFT_DECLINE,2,0.095,14,563,1,0
2719,debit_card,SOFT_DECLINE,2,0.117,12,126,0,0
1493,credit_card,TRANSIENT,2,0.717,10,1858,1,1
233,wallet,UNKNOWN,1,0.923,22,1148,1,1
876,upi,SOFT_DECLINE,1,0.94,23,111,1,1
1679,upi,CUSTOMER_ACTION_REQUIRED,2,0.279,22,1553,1,0
1510,credit_card,SOFT_DECLINE,1,0.971,12,608,0,0
6080,credit_card,TRANSIENT,1,0.721,4,439,1,1
4738,credit_card,UNKNOWN,1,0.053,24,1751,0,1
607,upi,HARD_DECLINE,1,0.969,19,374,1,0
6991,upi,TRANSIENT,2,0.629,9,1802,1,1
5627,net_banking,HARD_DECLINE,2,0.379,3,716,0,0
3577,debit_card,HARD_DECLINE,2,0.111,20,855,1,0
1235,upi,HARD_DECLINE,1,0.018,7,1260,0,0
1679,wallet,SOFT_DECLINE,1,0.698,25,146,0,0
4528,credit_card,HARD_DECLINE,2,0.197,14,1567,1,0
2008,upi,TRANSIENT,1,0.876,15,1676,0,1
4584,credit_card,CUSTOMER_ACTION_REQUIRED,1,0.759,12,1919,1,1
5766,upi,TRANSIENT,1,0.374,17,1887,0,1
4380,debit_card,SOFT_DECLINE,1,0.813,12,514,1,1
6896,credit_card,SOFT_DECLINE,2,0.088,20,908,1,1
4106,credit_card,SOFT_DECLINE,2,0.587,18,272,0,1
3838,upi,HARD_DECLINE,2,0.339,22,439,0,0
4055,debit_card,SOFT_DECLINE,1,0.231,3,1206,0,1
2447,credit_card,SOFT_DECLINE,1,0.967,11,1908,0,0
405,debit_card,SOFT_DECLINE,2,0.981,18,1979,1,1
2596,wallet,HARD_DECLINE,1,0.514,3,1171,1,0
5009,upi,HARD_DECLINE,1,0.35,6,610,0,0
1173,debit_card,HARD_DECLINE,1,0.686,4,282,0,0
5792,debit_card,SOFT_DECLINE,1,0.97,13,240,0,0
1016,debit_card,SOFT_DECLINE,2,0.154,13,1876,0,1
3677,upi,TRANSIENT,1,0.504,0,175,0,1
1476,debit_card,TRANSIENT,1,0.497,3,677,0,1
204,credit_card,SOFT_DECLINE,1,0.256,2,458,1,1
1350,credit_card,SOFT_DECLINE,2,0.365,3,1422,0,0
3368,debit_card,UNKNOWN,1,0.723,3,1202,0,1
760,debit_card,HARD_DECLINE,3,0.937,22,858,0,0
1848,credit_card,SOFT_DECLINE,1,0.881,22,1273,0,0
5324,debit_card,HARD_DECLINE,1,0.772,7,1557,0,0
2322,credit_card,CUSTOMER_ACTION_REQUIRED,1,0.856,25,1345,1,1
1255,debit_card,TRANSIENT,2,0.144,22,1266,0,1
3122,credit_card,HARD_DECLINE,3,0.405,8,111,1,0
4290,credit_card,TRANSIENT,2,0.964,12,1294,0,0
5147,debit_card,SOFT_DECLINE,3,0.622,22,356,1,0
5486,credit_card,SOFT_DECLINE,1,0.094,22,30,1,0
5880,upi,TRANSIENT,1,0.293,6,1999,1,0
3259,debit_card,HARD_DECLINE,2,0.331,10,1795,1,0
2783,credit_card,HARD_DECLINE,1,0.915,14,692,0,0
4246,credit_card,HARD_DECLINE,1,0.832,25,612,0,0
2674,upi,TRANSIENT,1,0.625,24,338,0,1
5399,credit_card,SOFT_DECLINE,2,0.7,1,1985,0,0
2036,credit_card,HARD_DECLINE,2,0.003,17,770,1,0
4433,upi,TRANSIENT,1,0.63,2,1520,0,1
5587,credit_card,HARD_DECLINE,1,0.898,8,67,0,0
359,upi,SOFT_DECLINE,1,0.371,0,1754,0,0
2894,credit_card,TRANSIENT,2,0.191,16,1386,0,0
6304,net_banking,HARD_DECLINE,3,0.729,9,1204,0,0
99,upi,SOFT_DECLINE,1,0.925,18,1461,0,0
1749,net_banking,HARD_DECLINE,1,0.077,19,1901,0,0
1637,upi,HARD_DECLINE,1,0.314,9,1253,0,0
4458,debit_card,TRANSIENT,1,0.745,18,556,0,1
1493,upi,TRANSIENT,1,0.935,17,1679,0,1
1614,debit_card,CUSTOMER_ACTION_REQUIRED,1,0.016,22,179,1,0
8641,wallet,HARD_DECLINE,2,0.137,6,1702,0,0
1548,net_banking,CUSTOMER_ACTION_REQUIRED,3,0.162,12,1494,0,0
7450,net_banking,SOFT_DECLINE,2,0.526,4,449,0,0
688,credit_card,HARD_DECLINE,1,0.388,1,817,0,0
2597,upi,TRANSIENT,1,0.37,9,987,0,0
2926,net_banking,SOFT_DECLINE,2,0.515,21,938,0,0
3552,credit_card,HARD_DECLINE,2,0.241,0,1783,0,0
6499,debit_card,TRANSIENT,1,0.88,13,201,0,1
6258,debit_card,TRANSIENT,3,0.732,21,1067,0,0
5084,net_banking,SOFT_DECLINE,2,0.358,15,751,1,0
2279,debit_card,SOFT_DECLINE,1,0.052,16,944,1,0
5546,debit_card,SOFT_DECLINE,1,0.415,11,552,1,1
5808,net_banking,CUSTOMER_ACTION_REQUIRED,1,0.77,18,1282,0,0
3916,net_banking,TRANSIENT,3,0.998,0,1079,0,0
5928,net_banking,CUSTOMER_ACTION_REQUIRED,2,0.453,7,866,1,0
3980,net_banking,SOFT_DECLINE,2,0.061,1,1662,0,0
4421,upi,SOFT_DECLINE,1,0.983,24,1817,1,1
697,upi,SOFT_DECLINE,1,0.607,19,1022,0,0
1659,net_banking,CUSTOMER_ACTION_REQUIRED,1,0.273,4,1167,1,1
5178,credit_card,SOFT_DECLINE,1,0.205,24,1607,0,0
3180,debit_card,SOFT_DECLINE,3,0.573,15,1341,0,0
565,credit_card,SOFT_DECLINE,2,0.045,21,915,1,0
7013,credit_card,SOFT_DECLINE,2,0.857,25,507,0,0
4933,wallet,SOFT_DECLINE,2,0.871,14,421,0,1
5334,upi,TRANSIENT,1,0.46,9,1120,0,1
2484,net_banking,SOFT_DECLINE,2,0.738,21,1100,0,1
2227,upi,SOFT_DECLINE,1,0.606,25,1343,0,0
5052,net_banking,SOFT_DECLINE,1,0.766,5,1855,0,0
4613,debit_card,SOFT_DECLINE,2,0.757,5,970,0,0
4581,credit_card,UNKNOWN,2,0.384,5,1757,0,0
803,upi,HARD_DECLINE,1,0.982,16,1920,0,0
2607,debit_card,SOFT_DECLINE,1,0.362,10,1183,1,0
4352,credit_card,HARD_DECLINE,1,0.153,4,972,0,0
289,debit_card,SOFT_DECLINE,3,0.884,7,995,0,0
2946,net_banking,TRANSIENT,2,0.428,8,1817,0,0
4551,credit_card,HARD_DECLINE,1,0.447,10,1470,1,0
1692,debit_card,SOFT_DECLINE,1,0.593,2,1706,0,0
1358,credit_card,HARD_DECLINE,1,0.353,2,686,0,1
3505,debit_card,HARD_DECLINE,3,0.762,20,829,1,0
434,credit_card,TRANSIENT,1,0.861,0,1433,0,1
2810,debit_card,TRANSIENT,1,0.115,20,1640,0,1
1338,upi,CUSTOMER_ACTION_REQUIRED,1,0.928,20,1646,0,0
1674,upi,CUSTOMER_ACTION_REQUIRED,1,0.767,25,84,0,0
3425,debit_card,CUSTOMER_ACTION_REQUIRED,1,0.118,14,1230,1,0
3479,upi,TRANSIENT,1,0.607,7,488,1,1
1192,net_banking,HARD_DECLINE,1,0.046,22,677,1,0
99,upi,SOFT_DECLINE,2,0.783,7,421,1,0
3100,debit_card,TRANSIENT,1,0.805,6,235,1,1
4152,net_banking,TRANSIENT,1,0.676,1,762,1,1
4271,upi,SOFT_DECLINE,1,0.822,8,121,1,0
1762,credit_card,SOFT_DECLINE,1,0.064,15,1977,1,0
3524,credit_card,TRANSIENT,1,0.049,12,1127,0,1
6575,debit_card,HARD_DECLINE,3,0.534,2,1553,1,0
2217,debit_card,CUSTOMER_ACTION_REQUIRED,2,0.232,9,1677,0,0
3273,credit_card,SOFT_DECLINE,1,0.473,25,630,1,0
2597,upi,TRANSIENT,1,0.022,13,476,0,0
391,upi,SOFT_DECLINE,1,0.208,3,757,0,0
132,net_banking,SOFT_DECLINE,1,0.439,3,1072,0,0
681,upi,HARD_DECLINE,1,0.83,10,1175,0,0
3779,credit_card,SOFT_DECLINE,1,0.376,23,793,1,1
1386,debit_card,HARD_DECLINE,1,0.797,0,1968,0,0
1115,debit_card,SOFT_DECLINE,1,0.122,23,1324,0,0
3347,net_banking,HARD_DECLINE,1,0.741,19,265,0,0
3800,net_banking,SOFT_DECLINE,2,0.404,17,177,0,0
2399,credit_card,CUSTOMER_ACTION_REQUIRED,2,0.3,8,1397,0,0
3691,upi,TRANSIENT,1,0.45,0,1537,0,1
1462,credit_card,HARD_DECLINE,1,0.664,7,442,0,1
1380,wallet,TRANSIENT,2,0.575,20,1228,0,0
1932,net_banking,TRANSIENT,1,0.452,3,1258,0,0
11620,wallet,SOFT_DECLINE,2,0.915,8,386,0,0
3081,net_banking,TRANSIENT,1,0.68,7,580,0,1
1962,wallet,TRANSIENT,1,0.891,15,763,0,1
3602,debit_card,SOFT_DECLINE,1,0.15,9,595,0,1
4042,upi,SOFT_DECLINE,1,0.458,12,1889,0,0
7202,net_banking,TRANSIENT,2,0.11,12,534,0,1
3473,upi,TRANSIENT,3,0.381,19,1327,1,0
699,credit_card,TRANSIENT,2,0.376,8,1692,1,0
8500,net_banking,TRANSIENT,1,0.002,5,1551,0,1
1905,wallet,HARD_DECLINE,2,0.782,8,1626,1,0
4957,debit_card,CUSTOMER_ACTION_REQUIRED,1,0.573,9,990,0,0
5387,net_banking,TRANSIENT,1,0.731,22,201,0,1
2228,credit_card,HARD_DECLINE,2,0.588,16,1088,0,0
3961,credit_card,TRANSIENT,2,0.29,18,689,1,0
2187,debit_card,HARD_DECLINE,1,0.374,1,152,1,0
2929,credit_card,SOFT_DECLINE,1,0.582,10,218,0,1
3558,debit_card,SOFT_DECLINE,2,0.486,17,188,0,1
4029,debit_card,HARD_DECLINE,1,0.423,4,707,0,0
3727,debit_card,SOFT_DECLINE,1,0.578,6,530,0,0
1818,credit_card,SOFT_DECLINE,2,0.196,12,98,1,1
7828,debit_card,TRANSIENT,2,0.335,22,68,0,0
1872,credit_card,TRANSIENT,1,0.289,4,85,0,1
1585,credit_card,TRANSIENT,1,0.095,12,899,0,1
6017,credit_card,HARD_DECLINE,1,0.137,1,94,0,0
2603,credit_card,UNKNOWN,1,0.655,3,1997,0,0
2331,credit_card,TRANSIENT,2,0.256,9,458,1,1
4017,credit_card,TRANSIENT,3,0.797,5,528,0,1
5217,debit_card,CUSTOMER_ACTION_REQUIRED,1,0.126,9,410,0,0
2775,upi,CUSTOMER_ACTION_REQUIRED,1,0.512,13,425,1,0
3108,upi,HARD_DECLINE,1,0.437,14,1333,0,0
1338,credit_card,CUSTOMER_ACTION_REQUIRED,2,0.177,15,1730,1,0
312,debit_card,HARD_DECLINE,1,0.384,12,789,0,0
8074,debit_card,TRANSIENT,1,0.246,20,1076,1,0
823,credit_card,SOFT_DECLINE,1,0.993,7,540,0,0
4291,credit_card,SOFT_DECLINE,1,0.765,13,1503,1,1
5806,upi,TRANSIENT,2,0.926,4,1590,0,0
3002,debit_card,HARD_DECLINE,2,0.707,12,1041,0,0
5067,debit_card,TRANSIENT,1,0.458,20,1459,0,0
3316,debit_card,HARD_DECLINE,3,0.287,17,702,0,0
4964,credit_card,HARD_DECLINE,2,0.393,17,331,1,0
3054,upi,HARD_DECLINE,2,0.077,3,755,0,0
1216,credit_card,SOFT_DECLINE,2,0.515,6,1452,0,1
589,net_banking,TRANSIENT,1,0.166,24,38,0,1
3397,net_banking,HARD_DECLINE,3,0.904,0,1168,0,0
3864,credit_card,SOFT_DECLINE,1,0.784,18,1603,1,0
3941,debit_card,SOFT_DECLINE,1,0.144,18,1732,0,0
1624,debit_card,HARD_DECLINE,1,0.109,4,1562,0,0
6123,net_banking,HARD_DECLINE,1,0.395,18,567,0,0
557,credit_card,UNKNOWN,1,0.292,14,211,0,0
99,debit_card,HARD_DECLINE,2,0.224,10,481,0,1
470,credit_card,UNKNOWN,1,0.401,22,535,0,0
6486,upi,HARD_DECLINE,1,0.226,8,586,1,0
4942,debit_card,SOFT_DECLINE,1,0.795,9,123,0,0
2963,credit_card,HARD_DECLINE,1,0.071,13,1040,0,1
5125,net_banking,UNKNOWN,3,0.578,22,1238,0,1
4370,net_banking,TRANSIENT,2,0.923,1,338,0,0
7078,debit_card,SOFT_DECLINE,3,0.748,2,1824,0,1
6785,credit_card,SOFT_DECLINE,2,0.201,16,1863,0,0
4713,net_banking,HARD_DECLINE,1,0.425,22,1009,0,0
2961,net_banking,SOFT_DECLINE,1,0.205,17,812,1,1
6293,net_banking,SOFT_DECLINE,1,0.877,25,1474,1,0
99,net_banking,UNKNOWN,3,0.303,14,1400,0,0
1840,upi,UNKNOWN,1,0.84,14,1773,0,0
1289,net_banking,CUSTOMER_ACTION_REQUIRED,1,0.929,6,923,0,0
99,credit_card,SOFT_DECLINE,1,0.789,2,106,0,0
4476,credit_card,HARD_DECLINE,3,0.122,18,616,1,0
6756,credit_card,TRANSIENT,1,0.336,10,135,0,0
4165,credit_card,UNKNOWN,1,0.548,11,720,1,0
2625,debit_card,HARD_DECLINE,1,0.363,15,1505,0,0
3913,debit_card,SOFT_DECLINE,2,0.276,16,1903,0,0
6352,debit_card,HARD_DECLINE,3,0.031,3,1240,0,0
2618,debit_card,SOFT_DECLINE,3,0.917,6,778,0,0
4431,net_banking,CUSTOMER_ACTION_REQUIRED,1,0.156,12,302,0,0
6264,credit_card,SOFT_DECLINE,2,0.476,21,117,1,0
3133,credit_card,HARD_DECLINE,2,0.509,13,1793,1,1
2785,debit_card,HARD_DECLINE,2,0.877,0,1336,0,0
2081,credit_card,SOFT_DECLINE,2,0.486,17,318,1,0
9621,upi,TRANSIENT,1,0.87,21,360,1,1
3228,credit_card,TRANSIENT,1,0.327,4,1107,1,0
3336,credit_card,HARD_DECLINE,1,0.092,23,1568,0,0
3892,credit_card,CUSTOMER_ACTION_REQUIRED,1,0.246,21,90,0,0
2261,debit_card,SOFT_DECLINE,2,0.443,4,367,0,0
3691,net_banking,TRANSIENT,1,0.7,21,766,0,1
412,upi,TRANSIENT,1,0.029,17,65,0,1
6332,upi,SOFT_DECLINE,1,0.301,19,711,0,1
886,upi,HARD_DECLINE,1,0.656,9,991,0,0
3469,net_banking,SOFT_DECLINE,1,0.51,17,1927,0,1
3493,debit_card,TRANSIENT,3,0.559,22,81,0,0
2440,upi,HARD_DECLINE,2,0.621,22,940,1,0
2016,upi,TRANSIENT,1,0.014,10,1161,1,1
477,debit_card,SOFT_DECLINE,1,0.76,5,1209,0,1
1305,wallet,SOFT_DECLINE,1,0.049,9,765,0,0
107,debit_card,CUSTOMER_ACTION_REQUIRED,1,0.42,7,508,0,0
5811,credit_card,SOFT_DECLINE,1,0.144,13,220,0,0
3699,credit_card,HARD_DECLINE,1,0.635,16,604,1,0
2484,credit_card,HARD_DECLINE,2,0.398,8,647,0,0
4485,credit_card,CUSTOMER_ACTION_REQUIRED,1,0.675,7,1553,1,1
1319,debit_card,TRANSIENT,2,0.274,14,1482,1,1
5365,credit_card,SOFT_DECLINE,1,0.338,14,607,0,0
577,credit_card,TRANSIENT,1,0.809,0,362,1,1
3845,wallet,TRANSIENT,2,0.338,19,626,0,0
6559,debit_card,CUSTOMER_ACTION_REQUIRED,1,0.81,16,822,1,0
1537,credit_card,CUSTOMER_ACTION_REQUIRED,2,0.617,2,936,1,0
3632,upi,UNKNOWN,2,0.026,2,864,0,0
1663,credit_card,TRANSIENT,2,0.382,6,1002,0,0
99,wallet,SOFT_DECLINE,2,0.752,6,278,0,0
3876,debit_card,SOFT_DECLINE,1,0.151,13,225,0,1
1556,upi,HARD_DECLINE,1,0.619,15,1267,0,0
4333,upi,TRANSIENT,1,0.099,4,407,0,1
6019,credit_card,HARD_DECLINE,1,0.514,11,754,0,0
860,upi,HARD_DECLINE,1,0.286,24,734,0,0
700,credit_card,TRANSIENT,3,0.651,14,983,0,0
1997,debit_card,TRANSIENT,2,0.444,25,1545,1,1
6942,credit_card,HARD_DECLINE,2,0.912,2,1402,0,0
1768,upi,UNKNOWN,2,0.648,24,886,1,1
4940,upi,HARD_DECLINE,2,0.648,15,1151,1,0
4047,upi,HARD_DECLINE,2,0.391,20,1150,0,0
4559,net_banking,SOFT_DECLINE,2,0.204,7,307,1,0
5825,debit_card,TRANSIENT,1,0.636,23,612,0,1
7174,debit_card,TRANSIENT,1,0.846,19,668,1,1
5078,credit_card,UNKNOWN,1,0.752,18,1889,0,0
769,credit_card,HARD_DECLINE,1,0.437,19,1379,0,0
7122,credit_card,SOFT_DECLINE,1,0.258,15,1379,0,0
2237,debit_card,SOFT_DECLINE,1,0.985,6,1912,0,1
6158,credit_card,TRANSIENT,2,0.164,13,834,1,0
329,net_banking,CUSTOMER_ACTION_REQUIRED,2,0.369,25,325,0,0
8327,debit_card,SOFT_DECLINE,1,0.834,21,833,1,0
1711,wallet,HARD_DECLINE,1,0.441,9,1235,0,0
1775,upi,CUSTOMER_ACTION_REQUIRED,1,0.407,4,674,1,0
1548,upi,TRANSIENT,1,0.534,10,1788,1,0
4908,debit_card,TRANSIENT,1,0.492,19,1964,1,1
4941,debit_card,TRANSIENT,2,0.257,8,1804,1,1
3489,debit_card,TRANSIENT,1,0.147,6,629,0,1
641,upi,UNKNOWN,2,0.668,22,42,1,0
3851,upi,SOFT_DECLINE,1,0.52,22,1372,1,1
1943,upi,TRANSIENT,1,0.293,17,1423,0,0
4259,upi,UNKNOWN,2,0.693,18,1460,0,0
6370,debit_card,HARD_DECLINE,1,0.73,0,839,1,0
3957,net_banking,HARD_DECLINE,1,0.004,2,313,0,0
1439,net_banking,TRANSIENT,1,0.888,21,1090,1,0
3734,net_banking,TRANSIENT,1,0.993,6,896,0,1
1993,net_banking,SOFT_DECLINE,1,0.939,22,1136,0,0
3088,credit_card,HARD_DECLINE,1,0.677,19,1908,1,0
3318,credit_card,CUSTOMER_ACTION_REQUIRED,1,0.37,13,603,0,0
2825,credit_card,TRANSIENT,2,0.908,6,796,1,0
5395,credit_card,CUSTOMER_ACTION_REQUIRED,1,0.332,12,254,0,0
2773,upi,SOFT_DECLINE,2,0.217,16,1532,0,0
2150,credit_card,HARD_DECLINE,1,0.068,9,155,1,1
959,net_banking,SOFT_DECLINE,2,0.191,20,1370,1,0
6218,debit_card,TRANSIENT,1,0.506,6,116,0,1
2159,debit_card,UNKNOWN,1,0.841,14,1154,1,1
4852,credit_card,UNKNOWN,2,0.79,21,240,0,0
4103,upi,HARD_DECLINE,1,0.107,16,1930,0,0
6728,debit_card,SOFT_DECLINE,1,0.571,12,928,0,0
3494,upi,SOFT_DECLINE,2,0.719,0,711,0,0
3777,credit_card,SOFT_DECLINE,2,0.067,11,894,1,0
10057,credit_card,SOFT_DECLINE,1,0.593,24,1072,1,1
797,credit_card,SOFT_DECLINE,1,0.777,15,716,0,1
5383,net_banking,SOFT_DECLINE,1,0.869,0,1698,0,1
1860,debit_card,TRANSIENT,1,0.901,14,396,0,1
3382,net_banking,HARD_DECLINE,2,0.811,22,155,1,0
5147,net_banking,SOFT_DECLINE,1,0.968,0,1676,0,0
7903,credit_card,UNKNOWN,1,0.722,0,1338,0,0
145,upi,HARD_DECLINE,1,0.484,15,990,0,0
3130,credit_card,HARD_DECLINE,1,0.693,15,1366,0,0
924,upi,TRANSIENT,1,0.907,4,179,1,1
2419,credit_card,CUSTOMER_ACTION_REQUIRED,1,0.678,1,744,0,0
4987,upi,CUSTOMER_ACTION_REQUIRED,3,0.094,19,1738,0,0
99,credit_card,SOFT_DECLINE,1,0.365,19,919,1,0
1306,debit_card,HARD_DECLINE,1,0.609,21,803,0,0
6928,credit_card,SOFT_DECLINE,1,0.936,9,1965,1,0
3432,debit_card,HARD_DECLINE,2,0.624,22,403,1,1
6878,credit_card,TRANSIENT,1,0.362,9,1009,0,1
2610,debit_card,HARD_DECLINE,2,0.587,2,1889,0,1
746,credit_card,HARD_DECLINE,1,0.009,16,96,1,0
5832,credit_card,HARD_DECLINE,1,0.469,10,1254,0,0
2285,credit_card,CUSTOMER_ACTION_REQUIRED,1,0.492,2,1259,1,0
5857,upi,SOFT_DECLINE,2,0.384,22,1064,0,0
5247,credit_card,SOFT_DECLINE,1,0.208,15,1448,1,0
982,credit_card,SOFT_DECLINE,1,0.31,17,712,1,0
1688,wallet,CUSTOMER_ACTION_REQUIRED,1,0.811,22,1833,0,0
3015,debit_card,TRANSIENT,1,0.304,23,802,0,1
2102,upi,HARD_DECLINE,1,0.877,12,1984,0,0
4455,upi,CUSTOMER_ACTION_REQUIRED,1,0.234,13,1760,0,0
6641,upi,HARD_DECLINE,1,0.058,23,107,0,0
239,credit_card,HARD_DECLINE,1,0.521,23,37,0,0
4660,wallet,CUSTOMER_ACTION_REQUIRED,3,0.336,8,162,1,0
6184,credit_card,HARD_DECLINE,2,0.622,7,131,0,0
6641,debit_card,HARD_DECLINE,1,0.534,20,80,0,0
5263,credit_card,TRANSIENT,2,0.52,11,1777,0,0
2375,debit_card,SOFT_DECLINE,1,0.004,11,1896,0,1
1179,wallet,CUSTOMER_ACTION_REQUIRED,1,0.349,17,1969,1,0
2255,net_banking,TRANSIENT,2,0.619,9,315,1,0
5366,debit_card,TRANSIENT,2,0.606,15,865,0,1
609,upi,TRANSIENT,1,0.867,16,1044,0,0
4612,debit_card,TRANSIENT,2,0.217,7,915,0,0
2664,credit_card,HARD_DECLINE,2,0.64,14,1923,0,0
509,debit_card,TRANSIENT,1,0.831,16,52,0,0
10172,debit_card,SOFT_DECLINE,1,0.187,20,1263,0,0
649,credit_card,UNKNOWN,1,0.584,25,681,0,1
1573,upi,SOFT_DECLINE,1,0.603,15,808,1,0
3177,upi,TRANSIENT,3,0.532,10,90,0,0
3174,credit_card,UNKNOWN,3,0.388,15,1159,0,0
1809,credit_card,UNKNOWN,3,0.863,12,748,0,0
4167,upi,SOFT_DECLINE,1,0.056,20,769,0,1
1198,credit_card,HARD_DECLINE,1,0.639,16,1971,0,0
6504,upi,SOFT_DECLINE,2,0.774,18,431,1,1
2832,debit_card,CUSTOMER_ACTION_REQUIRED,1,0.644,12,1741,0,0
6641,upi,TRANSIENT,2,0.149,5,361,1,1
3529,net_banking,HARD_DECLINE,2,0.016,5,1845,1,0
7256,credit_card,SOFT_DECLINE,2,0.905,20,1485,0,1
1327,debit_card,CUSTOMER_ACTION_REQUIRED,1,0.945,23,1330,1,1
3218,debit_card,CUSTOMER_ACTION_REQUIRED,2,0.277,12,1967,0,0
1923,upi,CUSTOMER_ACTION_REQUIRED,3,0.256,23,809,0,0
2952,upi,TRANSIENT,1,0.725,8,809,0,0
5413,upi,UNKNOWN,1,0.927,16,436,0,0
1559,upi,SOFT_DECLINE,2,0.927,20,1150,0,0
1142,net_banking,CUSTOMER_ACTION_REQUIRED,1,0.979,9,1090,1,1
99,net_banking,CUSTOMER_ACTION_REQUIRED,1,0.508,19,625,1,0
3519,upi,HARD_DECLINE,2,0.218,20,545,1,0
1167,wallet,HARD_DECLINE,1,0.024,23,1648,1,0
1670,upi,SOFT_DECLINE,1,0.532,12,979,1,0
6424,credit_card,TRANSIENT,2,0.196,1,1457,0,1
9439,net_banking,HARD_DECLINE,2,0.59,8,1330,0,0
3297,upi,HARD_DECLINE,1,0.138,17,749,1,1
8687,upi,TRANSIENT,1,0.992,0,1377,1,1
4025,debit_card,SOFT_DECLINE,1,0.265,21,1436,0,1
2092,debit_card,TRANSIENT,2,0.758,6,191,0,0
1190,credit_card,TRANSIENT,1,0.869,12,763,1,1
270,upi,SOFT_DECLINE,2,0.38,5,1680,0,1
3271,debit_card,TRANSIENT,2,0.35,9,730,0,1
4611,wallet,HARD_DECLINE,2,0.824,20,195,0,0
5033,upi,TRANSIENT,1,0.756,7,1440,0,1
1934,credit_card,HARD_DECLINE,1,0.845,13,963,1,0
3677,wallet,SOFT_DECLINE,1,0.476,13,1502,0,0
3822,debit_card,TRANSIENT,2,0.174,13,88,0,0
1621,upi,SOFT_DECLINE,1,0.933,13,1199,1,0
3525,credit_card,SOFT_DECLINE,2,0.923,19,718,0,0
978,credit_card,SOFT_DECLINE,2,0.822,17,322,0,1
6389,upi,HARD_DECLINE,1,0.677,3,1970,1,0
3892,credit_card,SOFT_DECLINE,1,0.038,16,734,0,1
2544,credit_card,SOFT_DECLINE,1,0.608,7,850,1,1
3406,upi,HARD_DECLINE,1,0.133,11,1601,0,0
1204,upi,TRANSIENT,1,0.331,18,79,0,0
3997,credit_card,TRANSIENT,1,0.436,19,792,1,0
1642,upi,CUSTOMER_ACTION_REQUIRED,2,0.664,18,1020,0,0
4996,credit_card,TRANSIENT,3,0.936,19,289,0,0
5644,credit_card,SOFT_DECLINE,1,0.857,16,258,0,1
2657,upi,HARD_DECLINE,2,0.156,3,1245,0,0
122,upi,CUSTOMER_ACTION_REQUIRED,1,0.679,13,1623,0,0
1809,upi,SOFT_DECLINE,1,0.292,19,1546,0,0
366,credit_card,SOFT_DECLINE,1,0.318,0,1686,0,1
3654,debit_card,HARD_DECLINE,1,0.613,6,1555,0,0
1248,credit_card,CUSTOMER_ACTION_REQUIRED,1,0.4,24,842,1,0
3849,credit_card,TRANSIENT,1,0.685,14,1421,1,1
1325,upi,SOFT_DECLINE,1,0.424,16,227,1,0
2089,upi,CUSTOMER_ACTION_REQUIRED,2,0.314,7,530,1,1
3318,credit_card,SOFT_DECLINE,1,0.235,21,1150,1,0
2766,upi,TRANSIENT,1,0.752,12,1101,1,0
793,debit_card,SOFT_DECLINE,1,0.537,21,1397,0,0
2750,wallet,HARD_DECLINE,1,0.51,22,657,0,0
376,credit_card,TRANSIENT,1,0.081,22,1498,1,1
4400,credit_card,SOFT_DECLINE,1,0.871,0,1657,0,0
4221,credit_card,HARD_DECLINE,1,0.006,11,195,0,0
2666,credit_card,HARD_DECLINE,1,0.935,13,1270,0,0
6570,debit_card,SOFT_DECLINE,1,0.186,13,1050,1,0
1577,net_banking,HARD_DECLINE,1,0.75,13,522,0,0
471,debit_card,TRANSIENT,2,0.924,14,1143,1,1
5554,credit_card,SOFT_DECLINE,2,0.478,9,1715,0,1
4817,upi,TRANSIENT,3,0.761,9,1396,0,1
856,debit_card,SOFT_DECLINE,1,0.218,9,1978,0,1
4981,upi,SOFT_DECLINE,2,0.174,21,239,0,0
7079,upi,TRANSIENT,1,0.923,8,1011,1,1
2752,debit_card,SOFT_DECLINE,1,0.593,15,1928,1,1
5018,wallet,HARD_DECLINE,1,0.683,20,496,0,0
3037,upi,CUSTOMER_ACTION_REQUIRED,1,0.181,4,1626,0,0
5891,upi,HARD_DECLINE,1,0.598,8,161,1,0
8081,net_banking,SOFT_DECLINE,1,0.094,17,955,1,0
3377,credit_card,SOFT_DECLINE,1,0.697,24,1967,0,1
4001,debit_card,CUSTOMER_ACTION_REQUIRED,1,0.613,25,1743,0,0
2250,debit_card,CUSTOMER_ACTION_REQUIRED,2,0.057,5,1934,0,1
6368,credit_card,TRANSIENT,2,0.791,13,758,0,1
8265,upi,HARD_DECLINE,1,0.077,6,1324,0,0
2831,debit_card,CUSTOMER_ACTION_REQUIRED,2,0.095,13,439,0,0
4356,wallet,SOFT_DECLINE,1,0.867,13,241,0,1
632,debit_card,SOFT_DECLINE,1,0.071,18,1748,0,0
101,upi,HARD_DECLINE,1,0.978,5,1458,1,0
1388,credit_card,HARD_DECLINE,1,0.991,11,416,0,0
4635,credit_card,TRANSIENT,3,0.802,7,187,0,0
2831,upi,SOFT_DECLINE,2,0.045,22,1263,0,0
2995,upi,HARD_DECLINE,2,0.504,10,1453,0,0
590,upi,CUSTOMER_ACTION_REQUIRED,3,0.548,3,343,0,0
6114,upi,HARD_DECLINE,2,0.892,3,926,0,1
7528,upi,HARD_DECLINE,1,0.881,2,1318,0,0
388,credit_card,UNKNOWN,1,0.935,22,403,0,0
3106,upi,TRANSIENT,1,0.571,8,763,1,0
2538,upi,HARD_DECLINE,1,0.776,19,526,1,0
4008,debit_card,SOFT_DECLINE,2,0.338,19,124,0,0
3740,debit_card,HARD_DECLINE,1,0.278,23,95,0,0
99,credit_card,HARD_DECLINE,1,0.483,24,1856,1,0
2260,credit_card,HARD_DECLINE,2,0.216,19,993,1,0
3533,upi,TRANSIENT,1,0.657,22,631,0,0
3723,credit_card,TRANSIENT,2,0.27,22,1293,0,0
4348,net_banking,HARD_DECLINE,1,0.674,7,408,0,0
3890,credit_card,SOFT_DECLINE,2,0.29,5,637,0,0
2277,credit_card,CUSTOMER_ACTION_REQUIRED,3,0.031,22,602,1,0
2087,upi,SOFT_DECLINE,2,0.938,3,1398,0,0
5406,debit_card,TRANSIENT,3,0.008,25,1209,1,0
2332,upi,SOFT_DECLINE,1,0.039,9,1731,0,0
2372,credit_card,SOFT_DECLINE,2,0.056,5,819,0,0
1637,credit_card,CUSTOMER_ACTION_REQUIRED,1,0.267,23,1213,0,0
1287,credit_card,HARD_DECLINE,1,0.711,13,1224,0,0
1348,upi,HARD_DECLINE,1,0.093,8,220,0,0
2224,upi,SOFT_DECLINE,2,0.016,19,1654,1,0
4316,upi,TRANSIENT,1,0.673,16,1555,1,1
1381,credit_card,TRANSIENT,1,0.605,7,557,1,1
961,upi,UNKNOWN,1,0.037,13,1619,0,0
6661,credit_card,TRANSIENT,1,0.384,19,1964,1,1
465,credit_card,TRANSIENT,1,0.347,24,1776,0,0
6992,upi,SOFT_DECLINE,1,0.272,15,1757,0,1
2014,net_banking,HARD_DECLINE,1,0.21,19,226,0,0
891,credit_card,SOFT_DECLINE,1,0.549,6,39,1,0
2805,credit_card,HARD_DECLINE,1,0.275,9,1544,0,0
1094,debit_card,HARD_DECLINE,1,0.45,17,1281,0,0
1489,credit_card,SOFT_DECLINE,1,0.863,13,1226,1,0
1676,net_banking,HARD_DECLINE,1,0.963,6,1665,0,0
854,net_banking,UNKNOWN,1,0.358,13,1520,1,0
3726,upi,TRANSIENT,1,0.02,3,817,0,1
3862,upi,HARD_DECLINE,1,0.966,19,1847,0,0
4853,credit_card,SOFT_DECLINE,3,0.926,10,1585,0,0
1830,debit_card,HARD_DECLINE,1,0.343,1,307,0,0
1266,credit_card,SOFT_DECLINE,1,0.072,22,1129,0,0
7663,credit_card,CUSTOMER_ACTION_REQUIRED,1,0.98,21,1789,1,0
1770,debit_card,HARD_DECLINE,2,0.756,9,1083,0,1
953,upi,SOFT_DECLINE,1,0.749,17,1808,1,1
2776,debit_card,SOFT_DECLINE,1,0.84,0,1606,1,0
2156,upi,SOFT_DECLINE,2,0.649,0,1584,1,0
2378,credit_card,CUSTOMER_ACTION_REQUIRED,2,0.708,14,747,0,0
2340,credit_card,TRANSIENT,3,0.747,6,549,1,1
4244,credit_card,HARD_DECLINE,1,0.598,23,1542,0,0
4037,upi,SOFT_DECLINE,1,0.422,15,1492,0,0
4437,credit_card,SOFT_DECLINE,1,0.447,8,1804,0,0
4911,upi,SOFT_DECLINE,3,0.444,10,1456,1,0
1422,net_banking,CUSTOMER_ACTION_REQUIRED,2,0.814,8,1634,0,0
2575,credit_card,SOFT_DECLINE,1,0.502,10,313,0,0
4800,debit_card,SOFT_DECLINE,1,0.826,0,2000,0,1
2443,debit_card,SOFT_DECLINE,2,0.023,15,892,0,1
3086,debit_card,HARD_DECLINE,1,0.076,24,994,0,0
3598,upi,TRANSIENT,2,0.571,8,1542,1,1
3229,upi,SOFT_DECLINE,1,0.745,23,569,1,0
1687,debit_card,UNKNOWN,1,0.18,6,1801,0,0
1009,credit_card,SOFT_DECLINE,2,0.915,24,57,0,1
2085,net_banking,SOFT_DECLINE,1,0.246,9,1227,0,0
2565,credit_card,CUSTOMER_ACTION_REQUIRED,2,0.765,16,1192,0,0
620,credit_card,SOFT_DECLINE,1,0.215,14,1642,0,0
1883,upi,TRANSIENT,1,0.425,2,1075,0,0
2467,upi,SOFT_DECLINE,1,0.4,20,1788,0,0
5730,upi,CUSTOMER_ACTION_REQUIRED,1,0.373,4,785,0,0
2411,credit_card,HARD_DECLINE,2,0.701,22,504,1,0
2271,debit_card,HARD_DECLINE,3,0.855,10,599,0,0
3800,debit_card,HARD_DECLINE,1,0.067,2,1119,0,1
2523,debit_card,SOFT_DECLINE,1,0.552,2,548,0,0
2354,credit_card,SOFT_DECLINE,1,0.188,19,567,1,1
5021,net_banking,CUSTOMER_ACTION_REQUIRED,1,0.722,25,1063,0,0
6266,credit_card,SOFT_DECLINE,2,0.406,9,1925,0,0
1089,credit_card,SOFT_DECLINE,3,0.919,2,1065,0,1
2338,debit_card,SOFT_DECLINE,1,0.318,2,745,1,0
8978,debit_card,SOFT_DECLINE,2,0.694,15,1157,0,0
4098,upi,HARD_DECLINE,2,0.677,2,1907,1,0
165,debit_card,UNKNOWN,2,0.84,3,801,0,0
4056,debit_card,TRANSIENT,1,0.532,18,217,0,0
2600,credit_card,TRANSIENT,1,0.533,8,1803,0,1
5578,wallet,HARD_DECLINE,1,0.608,11,1206,0,0
7911,net_banking,UNKNOWN,2,0.736,3,385,1,0
3899,credit_card,SOFT_DECLINE,2,0.088,7,201,1,0
3575,net_banking,SOFT_DECLINE,3,0.321,1,418,1,0
6358,debit_card,TRANSIENT,2,0.617,23,864,0,0
5071,debit_card,HARD_DECLINE,1,0.741,22,915,1,0
5334,net_banking,SOFT_DECLINE,3,0.598,3,319,0,0
5183,credit_card,CUSTOMER_ACTION_REQUIRED,1,0.417,21,198,0,0
8499,credit_card,CUSTOMER_ACTION_REQUIRED,2,0.982,12,1443,0,1
2011,net_banking,CUSTOMER_ACTION_REQUIRED,2,0.727,20,301,1,0
465,credit_card,CUSTOMER_ACTION_REQUIRED,1,0.126,21,201,0,0
2424,debit_card,UNKNOWN,2,0.381,19,1194,0,0
2571,credit_card,TRANSIENT,3,0.086,0,52,1,0
6232,upi,HARD_DECLINE,3,0.947,11,1038,1,0
3423,credit_card,HARD_DECLINE,1,0.645,14,1899,0,0
4337,upi,HARD_DECLINE,1,0.191,14,1953,1,0
6710,debit_card,TRANSIENT,1,0.996,25,1345,1,0
338,net_banking,CUSTOMER_ACTION_REQUIRED,1,0.806,1,619,0,1
7357,credit_card,UNKNOWN,2,0.886,8,953,0,0
3351,wallet,UNKNOWN,1,0.58,8,1813,1,0
2900,debit_card,HARD_DECLINE,1,0.035,12,704,0,0
5524,credit_card,CUSTOMER_ACTION_REQUIRED,1,0.531,16,936,0,0
6456,wallet,SOFT_DECLINE,1,0.206,21,1993,1,0
2489,credit_card,CUSTOMER_ACTION_REQUIRED,1,0.885,3,1667,0,1
313,net_banking,SOFT_DECLINE,2,0.447,2,1573,0,1
3376,credit_card,SOFT_DECLINE,1,0.721,8,1784,0,0
3039,debit_card,UNKNOWN,2,0.29,2,1236,0,1
4518,upi,SOFT_DECLINE,1,0.362,9,932,1,1
2740,credit_card,SOFT_DECLINE,2,0.82,10,1522,1,0
177,credit_card,SOFT_DECLINE,1,0.865,24,1088,0,0
3750,debit_card,HARD_DECLINE,2,0.593,5,782,0,0
673,credit_card,SOFT_DECLINE,2,0.526,5,1498,0,1
4368,debit_card,HARD_DECLINE,1,0.898,16,732,0,0
4993,net_banking,HARD_DECLINE,1,0.41,15,1058,1,0
4312,net_banking,SOFT_DECLINE,2,0.575,18,1002,1,1
9609,credit_card,SOFT_DECLINE,3,0.322,11,1430,0,0
2105,net_banking,HARD_DECLINE,1,0.457,8,208,0,1
246,wallet,HARD_DECLINE,1,0.887,5,907,0,0
3861,upi,CUSTOMER_ACTION_REQUIRED,1,0.335,8,1285,0,0
363,debit_card,TRANSIENT,2,0.311,3,1282,0,0
7542,net_banking,SOFT_DECLINE,1,0.207,23,1062,0,1
3226,upi,TRANSIENT,2,0.086,23,700,0,0
4874,net_banking,TRANSIENT,2,0.792,6,655,0,0
5403,debit_card,SOFT_DECLINE,1,0.628,24,550,0,0
7677,net_banking,UNKNOWN,1,0.794,6,1893,1,1
1722,debit_card,CUSTOMER_ACTION_REQUIRED,1,0.748,11,1657,0,0
5001,debit_card,UNKNOWN,1,0.881,11,531,0,0
2035,net_banking,TRANSIENT,1,0.267,23,1718,0,0
136,credit_card,TRANSIENT,1,0.697,25,642,0,1
99,credit_card,HARD_DECLINE,1,0.981,13,940,0,0
2883,debit_card,TRANSIENT,1,0.881,11,687,0,0
1474,upi,HARD_DECLINE,1,0.861,21,1048,0,0
3860,credit_card,SOFT_DECLINE,1,0.942,11,844,0,0
4332,debit_card,SOFT_DECLINE,1,0.61,0,1732,0,1
1070,net_banking,HARD_DECLINE,2,0.065,15,797,0,0
2573,credit_card,HARD_DECLINE,1,0.307,24,368,1,0
99,credit_card,SOFT_DECLINE,2,0.245,24,1349,1,0
2219,debit_card,SOFT_DECLINE,1,0.78,18,1868,1,1
2628,upi,SOFT_DECLINE,1,0.835,7,1598,0,1
7426,debit_card,SOFT_DECLINE,1,0.564,4,1516,1,0
5403,net_banking,HARD_DECLINE,3,0.241,3,738,1,0
3844,wallet,SOFT_DECLINE,2,0.11,10,1347,1,0
4798,credit_card,TRANSIENT,1,0.894,8,1451,0,1
2549,debit_card,SOFT_DECLINE,3,0.337,8,242,1,0
2093,upi,UNKNOWN,1,0.649,14,468,0,0
5330,credit_card,TRANSIENT,1,0.373,17,66,0,0
692,wallet,HARD_DECLINE,1,0.488,16,230,0,0
6441,net_banking,TRANSIENT,1,0.909,20,1341,1,1
2615,credit_card,TRANSIENT,2,0.444,9,67,0,1
1380,wallet,CUSTOMER_ACTION_REQUIRED,1,0.716,8,1524,0,0
3804,net_banking,SOFT_DECLINE,1,0.556,22,684,0,0
1304,credit_card,SOFT_DECLINE,3,0.373,24,854,1,0
3811,net_banking,TRANSIENT,1,0.678,21,1763,1,1
3595,net_banking,HARD_DECLINE,1,0.791,8,1206,1,0
866,credit_card,HARD_DECLINE,1,0.904,4,254,0,0
2606,credit_card,CUSTOMER_ACTION_REQUIRED,1,0.791,18,898,0,0
6474,credit_card,SOFT_DECLINE,1,0.674,11,1470,0,0
7572,debit_card,SOFT_DECLINE,1,0.538,8,1625,1,1
3070,net_banking,CUSTOMER_ACTION_REQUIRED,1,0.19,19,988,0,0
439,debit_card,SOFT_DECLINE,2,0.432,21,1920,1,0
1323,upi,HARD_DECLINE,1,0.695,16,75,1,0
4660,upi,UNKNOWN,2,0.914,21,1506,1,0
1661,net_banking,HARD_DECLINE,2,0.514,10,401,0,0
2462,upi,TRANSIENT,2,0.946,22,1624,0,1
1563,upi,SOFT_DECLINE,1,0.81,21,293,0,0
6758,credit_card,TRANSIENT,2,0.322,5,1678,0,0
1335,upi,HARD_DECLINE,1,0.333,19,1801,1,0
1694,debit_card,HARD_DECLINE,1,0.629,12,1903,0,0
1929,net_banking,SOFT_DECLINE,1,0.098,24,1438,0,0
8581,debit_card,CUSTOMER_ACTION_REQUIRED,1,0.921,6,1076,0,0
4640,credit_card,TRANSIENT,1,0.593,14,1745,0,1
193,credit_card,SOFT_DECLINE,2,0.279,15,1953,1,0
6285,credit_card,TRANSIENT,1,0.243,8,152,0,1
4661,debit_card,SOFT_DECLINE,3,0.011,0,1070,0,0
1035,debit_card,UNKNOWN,1,0.422,21,1019,0,0
3435,debit_card,TRANSIENT,1,0.604,0,1019,0,1
3437,upi,CUSTOMER_ACTION_REQUIRED,1,0.282,16,1761,0,0
4019,credit_card,HARD_DECLINE,1,0.574,1,493,0,0
1802,credit_card,SOFT_DECLINE,2,0.467,3,1235,0,0
5227,net_banking,SOFT_DECLINE,2,0.609,0,822,0,1
612,credit_card,HARD_DECLINE,1,0.015,9,297,1,0
1448,wallet,TRANSIENT,1,0.053,17,171,0,0
4383,credit_card,HARD_DECLINE,1,0.954,14,597,1,0
2943,credit_card,UNKNOWN,1,0.901,23,313,0,0
3777,upi,TRANSIENT,1,0.929,0,1157,0,1
3946,debit_card,HARD_DECLINE,1,0.843,19,504,1,0
3764,upi,SOFT_DECLINE,2,0.639,0,866,0,1
1557,net_banking,CUSTOMER_ACTION_REQUIRED,1,0.338,8,802,0,0
5898,credit_card,HARD_DECLINE,1,0.907,24,211,1,0
141,upi,TRANSIENT,1,0.952,18,1476,0,1
3178,debit_card,UNKNOWN,1,0.929,2,1785,0,1
393,debit_card,TRANSIENT,1,0.057,18,651,1,1
99,debit_card,UNKNOWN,1,0.809,24,1329,0,0
8630,debit_card,TRANSIENT,1,0.115,17,958,0,0
3215,upi,SOFT_DECLINE,1,0.31,20,1756,0,0
2732,upi,HARD_DECLINE,2,0.233,2,1338,0,0
2605,credit_card,TRANSIENT,2,0.723,14,712,0,0
7407,credit_card,CUSTOMER_ACTION_REQUIRED,2,0.116,0,648,0,0
830,upi,CUSTOMER_ACTION_REQUIRED,2,0.217,3,1138,1,0
3810,debit_card,TRANSIENT,1,0.484,14,1247,0,0
2580,net_banking,UNKNOWN,1,0.832,3,250,1,0
935,debit_card,HARD_DECLINE,2,0.362,21,1552,0,0
1549,upi,TRANSIENT,2,0.21,16,721,1,0
3412,credit_card,TRANSIENT,1,0.507,21,808,0,1
581,net_banking,SOFT_DECLINE,1,0.922,20,1500,0,1
5301,net_banking,SOFT_DECLINE,2,0.476,19,1601,0,0
2490,debit_card,CUSTOMER_ACTION_REQUIRED,2,0.57,13,325,0,0
3512,net_banking,HARD_DECLINE,2,0.923,2,1402,0,1
2174,credit_card,SOFT_DECLINE,1,0.172,21,1654,1,0
4029,net_banking,CUSTOMER_ACTION_REQUIRED,1,0.164,6,1431,0,0
1470,credit_card,HARD_DECLINE,1,0.023,12,1697,0,1
2037,net_banking,CUSTOMER_ACTION_REQUIRED,1,0.974,22,494,0,1
3976,upi,HARD_DECLINE,2,0.323,4,1256,1,0
5498,debit_card,SOFT_DECLINE,2,0.033,12,1794,0,0
2337,upi,CUSTOMER_ACTION_REQUIRED,3,0.245,3,1999,0,0
5776,upi,HARD_DECLINE,1,0.362,9,1882,1,0
3689,wallet,SOFT_DECLINE,3,0.365,25,91,0,0
7233,upi,UNKNOWN,2,0.447,12,86,0,1
3924,wallet,HARD_DECLINE,1,0.481,2,1302,0,0
4651,wallet,HARD_DECLINE,3,0.951,24,1211,0,0
2586,debit_card,SOFT_DECLINE,1,0.203,25,1462,1,0
3562,upi,CUSTOMER_ACTION_REQUIRED,2,0.174,3,1000,0,0
4642,credit_card,SOFT_DECLINE,1,0.557,0,994,1,1
3086,credit_card,HARD_DECLINE,1,0.338,2,337,0,0
3013,upi,TRANSIENT,2,0.361,11,1969,1,0
1964,upi,SOFT_DECLINE,2,0.696,1,1808,0,0
2721,debit_card,TRANSIENT,1,0.171,21,1423,0,1
2615,credit_card,TRANSIENT,2,0.398,15,1124,0,0
3568,net_banking,HARD_DECLINE,1,0.372,15,320,0,0
1421,debit_card,TRANSIENT,2,0.426,25,210,0,1
4911,credit_card,UNKNOWN,1,0.664,10,1054,0,0
5156,credit_card,SOFT_DECLINE,1,0.107,13,1046,0,0
1281,credit_card,SOFT_DECLINE,1,0.046,17,346,0,0
1437,credit_card,TRANSIENT,1,0.565,0,1732,1,1
2201,debit_card,TRANSIENT,3,0.344,20,1890,0,0
4250,debit_card,TRANSIENT,1,0.604,14,200,1,1
99,upi,TRANSIENT,1,0.859,25,664,0,1
8064,net_banking,CUSTOMER_ACTION_REQUIRED,1,0.158,4,738,0,0
4593,upi,SOFT_DECLINE,3,0.968,15,1520,0,0
6270,upi,HARD_DECLINE,1,0.172,24,558,1,0
5223,net_banking,TRANSIENT,1,0.495,19,1805,0,1
309,debit_card,SOFT_DECLINE,2,0.307,16,1804,0,1
7333,net_banking,TRANSIENT,1,0.534,0,1342,1,1
4314,debit_card,HARD_DECLINE,1,0.031,1,1192,1,0
3355,debit_card,SOFT_DECLINE,1,0.168,12,1452,0,0
5565,debit_card,TRANSIENT,1,0.923,7,874,0,1
8459,credit_card,HARD_DECLINE,2,0.059,3,1420,1,0
1505,upi,TRANSIENT,2,0.184,5,841,1,1
2814,net_banking,SOFT_DECLINE,1,0.012,2,1098,1,0
6144,credit_card,HARD_DECLINE,1,0.527,23,588,0,0
3213,debit_card,TRANSIENT,2,0.762,19,884,0,0
7438,debit_card,SOFT_DECLINE,3,0.983,7,1797,0,0
4094,upi,TRANSIENT,2,0.236,10,51,1,1
4811,credit_card,HARD_DECLINE,1,0.971,1,915,1,0
2469,net_banking,TRANSIENT,1,0.249,23,1475,1,1
4298,upi,UNKNOWN,1,0.641,3,850,0,0
2740,upi,HARD_DECLINE,1,0.863,18,490,0,0
308,upi,TRANSIENT,1,0.277,6,1544,0,0
1286,wallet,TRANSIENT,1,0.222,14,435,1,0
5462,net_banking,SOFT_DECLINE,1,0.934,7,597,1,0
3761,credit_card,CUSTOMER_ACTION_REQUIRED,1,0.845,4,630,0,0
4639,upi,TRANSIENT,1,0.715,14,352,1,1
1953,net_banking,TRANSIENT,2,0.327,0,1028,0,1
3762,debit_card,SOFT_DECLINE,1,0.804,8,1328,0,1
4549,net_banking,TRANSIENT,3,0.393,2,191,0,1
413,net_banking,CUSTOMER_ACTION_REQUIRED,1,0.233,25,1694,1,0
5599,upi,SOFT_DECLINE,2,0.886,0,745,0,1
852,upi,HARD_DECLINE,1,0.762,2,1292,0,0
3095,debit_card,SOFT_DECLINE,3,0.894,12,915,0,1
648,upi,SOFT_DECLINE,3,0.41,0,1750,0,1
6321,net_banking,SOFT_DECLINE,1,0.365,22,915,1,1
4677,credit_card,CUSTOMER_ACTION_REQUIRED,1,0.073,1,622,1,0
4337,debit_card,HARD_DECLINE,1,0.445,2,656,1,0
461,credit_card,UNKNOWN,3,0.042,24,1244,1,1
2023,upi,CUSTOMER_ACTION_REQUIRED,1,0.217,4,1024,0,0
3556,debit_card,HARD_DECLINE,1,0.281,12,1374,1,0
5769,credit_card,HARD_DECLINE,1,0.352,16,1703,0,0
2415,credit_card,UNKNOWN,1,0.035,18,811,1,0
1864,upi,HARD_DECLINE,1,0.479,4,1493,0,0
4063,wallet,HARD_DECLINE,1,0.669,9,946,1,0
5992,debit_card,TRANSIENT,2,0.712,0,1994,0,1
3334,debit_card,SOFT_DECLINE,2,0.76,18,1317,0,0
2330,debit_card,HARD_DECLINE,1,0.892,8,823,0,0
6081,debit_card,UNKNOWN,1,0.418,11,170,0,0
916,credit_card,SOFT_DECLINE,1,0.669,25,778,0,1
4061,net_banking,SOFT_DECLINE,1,0.049,20,1373,0,0
5033,upi,TRANSIENT,3,0.429,24,1649,1,0
5298,debit_card,HARD_DECLINE,1,0.677,3,805,0,0
3637,upi,TRANSIENT,1,0.48,4,55,0,1
1990,credit_card,HARD_DECLINE,1,0.818,10,687,1,1
10783,upi,SOFT_DECLINE,2,0.666,18,1910,0,1
4553,debit_card,CUSTOMER_ACTION_REQUIRED,1,0.52,15,306,1,1
3550,credit_card,TRANSIENT,1,0.772,1,86,1,1
1040,credit_card,TRANSIENT,1,0.937,0,1037,0,1
284,wallet,TRANSIENT,1,0.271,24,823,1,0
1544,debit_card,HARD_DECLINE,1,0.798,5,327,1,0
4304,debit_card,SOFT_DECLINE,1,0.224,9,109,0,0
3034,net_banking,SOFT_DECLINE,3,0.184,2,1380,0,0
7317,credit_card,TRANSIENT,1,0.862,0,719,1,1
732,debit_card,TRANSIENT,1,0.18,18,290,0,0
506,debit_card,HARD_DECLINE,1,0.194,2,698,1,0
823,upi,SOFT_DECLINE,2,0.858,9,650,1,1
1212,credit_card,HARD_DECLINE,1,0.393,23,174,1,0
2352,debit_card,SOFT_DECLINE,1,0.943,3,1900,0,0
1912,debit_card,SOFT_DECLINE,1,0.122,24,539,0,0
2336,credit_card,SOFT_DECLINE,1,0.783,2,1818,0,0
925,credit_card,TRANSIENT,1,0.315,12,1988,0,0
836,upi,CUSTOMER_ACTION_REQUIRED,1,0.552,24,462,1,0
6496,credit_card,TRANSIENT,1,0.111,17,1327,1,1
5320,net_banking,UNKNOWN,2,0.231,10,1332,1,0
188,debit_card,HARD_DECLINE,1,0.573,8,1652,1,0
3904,credit_card,SOFT_DECLINE,2,0.503,16,465,1,1
3201,net_banking,SOFT_DECLINE,1,0.125,24,342,0,0
523,credit_card,SOFT_DECLINE,1,0.726,0,485,1,0
599,credit_card,SOFT_DECLINE,3,0.45,19,1960,1,0
526,debit_card,HARD_DECLINE,3,0.615,2,410,0,0
1661,credit_card,SOFT_DECLINE,1,0.809,11,508,0,0
4175,debit_card,HARD_DECLINE,3,0.397,2,1433,0,0
1707,upi,UNKNOWN,2,0.166,7,841,1,0
1355,credit_card,TRANSIENT,1,0.521,14,1257,1,1
4352,upi,HARD_DECLINE,1,0.517,14,54,0,0
99,credit_card,CUSTOMER_ACTION_REQUIRED,1,0.892,25,989,1,1
5349,wallet,SOFT_DECLINE,1,0.907,19,434,0,0
217,debit_card,UNKNOWN,1,0.932,2,935,1,0
6368,credit_card,SOFT_DECLINE,1,0.093,9,631,1,0
3786,net_banking,SOFT_DECLINE,1,0.279,7,507,0,0
8673,upi,HARD_DECLINE,1,0.162,18,253,0,0
2461,upi,CUSTOMER_ACTION_REQUIRED,1,0.907,24,143,1,0
1895,credit_card,HARD_DECLINE,1,0.386,3,1990,0,0
1989,credit_card,CUSTOMER_ACTION_REQUIRED,3,0.216,18,1809,1,0
1002,credit_card,CUSTOMER_ACTION_REQUIRED,3,0.196,23,1692,0,0
3117,net_banking,SOFT_DECLINE,3,0.244,19,344,0,0
6248,debit_card,SOFT_DECLINE,3,0.959,8,1210,1,1
5133,net_banking,HARD_DECLINE,1,0.937,13,42,0,0
4260,net_banking,TRANSIENT,1,0.881,3,825,1,1
515,upi,HARD_DECLINE,2,0.934,11,1566,1,0
2060,upi,TRANSIENT,1,0.296,20,1352,1,1
442,credit_card,CUSTOMER_ACTION_REQUIRED,2,0.251,4,1003,0,0
316,wallet,HARD_DECLINE,3,0.362,4,1267,0,0
5489,upi,SOFT_DECLINE,1,0.985,0,128,0,0
3109,credit_card,HARD_DECLINE,2,0.424,13,174,0,0
2163,upi,HARD_DECLINE,3,0.747,20,1083,1,0
1510,credit_card,CUSTOMER_ACTION_REQUIRED,1,0.764,16,1778,1,0
183,upi,CUSTOMER_ACTION_REQUIRED,2,0.687,22,1709,0,0
3177,upi,TRANSIENT,2,0.529,15,1414,0,0
3871,credit_card,UNKNOWN,3,0.856,11,679,0,1
3425,wallet,TRANSIENT,1,0.14,13,466,0,0
99,net_banking,UNKNOWN,1,0.384,20,1319,0,0
638,credit_card,CUSTOMER_ACTION_REQUIRED,2,0.436,7,897,0,0
5199,upi,HARD_DECLINE,1,0.462,8,60,0,0
2062,upi,HARD_DECLINE,2,0.978,4,1644,0,0
960,net_banking,CUSTOMER_ACTION_REQUIRED,2,0.912,5,809,0,0
1441,upi,HARD_DECLINE,2,0.936,10,408,0,0
1448,debit_card,SOFT_DECLINE,1,0.76,7,1671,0,0
1876,upi,HARD_DECLINE,3,0.116,9,1633,0,0
3486,credit_card,SOFT_DECLINE,2,0.025,17,1053,0,0
1015,debit_card,SOFT_DECLINE,1,0.64,12,1460,0,0
884,net_banking,SOFT_DECLINE,1,0.922,18,230,0,1
5690,wallet,HARD_DECLINE,1,0.179,23,842,0,1
2194,debit_card,TRANSIENT,1,0.535,0,388,0,1
1274,upi,HARD_DECLINE,2,0.97,25,1199,1,0
3276,net_banking,UNKNOWN,1,0.346,18,1999,0,1
3784,credit_card,HARD_DECLINE,2,0.988,14,54,1,0
3465,debit_card,TRANSIENT,3,0.463,13,243,1,0
3911,upi,HARD_DECLINE,2,0.543,11,844,0,1
4443,upi,UNKNOWN,1,0.166,8,1335,0,0
5952,net_banking,TRANSIENT,1,0.472,22,1098,0,1
370,credit_card,HARD_DECLINE,1,0.353,9,1145,1,0
576,credit_card,SOFT_DECLINE,1,0.138,15,548,0,1
241,credit_card,HARD_DECLINE,2,0.43,6,1318,0,1
2337,upi,HARD_DECLINE,2,0.018,11,1842,1,0
3871,upi,HARD_DECLINE,2,0.71,4,909,0,0
5734,credit_card,TRANSIENT,1,0.322,4,1557,0,1
3184,credit_card,HARD_DECLINE,1,0.142,20,592,1,0
7238,upi,CUSTOMER_ACTION_REQUIRED,1,0.957,0,1800,0,0
2481,credit_card,HARD_DECLINE,1,0.9,13,1283,0,0
3039,debit_card,HARD_DECLINE,1,0.278,8,161,0,0
7940,credit_card,SOFT_DECLINE,1,0.031,17,618,1,0
2852,credit_card,HARD_DECLINE,1,0.143,13,1730,0,0
1892,credit_card,HARD_DECLINE,1,0.006,0,1369,0,0
495,wallet,HARD_DECLINE,2,0.122,5,1480,1,0
5046,credit_card,TRANSIENT,2,0.98,1,694,0,1
1798,upi,UNKNOWN,3,0.74,22,1772,0,0
1620,net_banking,SOFT_DECLINE,2,0.676,19,775,1,1
4196,debit_card,TRANSIENT,1,0.435,5,978,0,1
4863,debit_card,SOFT_DECLINE,1,0.983,8,1118,0,0
404,net_banking,TRANSIENT,2,0.507,22,1584,0,1
7182,credit_card,SOFT_DECLINE,2,0.843,4,394,0,0
7137,upi,SOFT_DECLINE,2,0.364,5,122,1,0
1927,debit_card,HARD_DECLINE,1,0.6,2,249,0,0
3650,upi,UNKNOWN,2,0.468,4,935,0,0
6871,credit_card,CUSTOMER_ACTION_REQUIRED,3,0.001,18,1857,0,0
7076,net_banking,HARD_DECLINE,2,0.659,5,401,1,0
4018,debit_card,SOFT_DECLINE,2,0.061,16,430,1,0
279,credit_card,HARD_DECLINE,1,0.617,7,44,0,0
2843,net_banking,SOFT_DECLINE,2,0.748,23,1744,0,0
3735,net_banking,SOFT_DECLINE,1,0.906,10,1455,0,1
1926,net_banking,HARD_DECLINE,1,0.677,23,1137,0,0
619,credit_card,CUSTOMER_ACTION_REQUIRED,3,0.861,16,842,0,0
5683,credit_card,HARD_DECLINE,1,0.575,12,1456,1,0
4839,credit_card,CUSTOMER_ACTION_REQUIRED,1,0.615,19,1770,0,0
3047,upi,CUSTOMER_ACTION_REQUIRED,1,0.684,20,1380,1,0
5446,net_banking,SOFT_DECLINE,3,0.17,13,307,0,0
3681,upi,SOFT_DECLINE,1,0.452,11,1193,1,0
3010,upi,UNKNOWN,3,0.209,19,1086,1,0
6291,upi,HARD_DECLINE,1,0.812,22,1633,0,0
1226,debit_card,SOFT_DECLINE,2,0.33,21,1663,0,0
2917,wallet,SOFT_DECLINE,1,0.307,1,1031,0,0
815,debit_card,TRANSIENT,2,0.466,12,222,0,0
968,debit_card,CUSTOMER_ACTION_REQUIRED,1,0.626,15,1070,0,0
2365,credit_card,TRANSIENT,1,0.236,6,867,0,0
121,upi,TRANSIENT,2,0.043,5,489,1,0
3687,net_banking,TRANSIENT,1,0.238,22,1404,0,0
936,debit_card,SOFT_DECLINE,1,0.69,6,316,0,1
99,credit_card,SOFT_DECLINE,2,0.585,22,761,1,0
4584,wallet,SOFT_DECLINE,3,0.149,1,871,1,0
2435,wallet,TRANSIENT,1,0.274,15,1666,0,0
8790,upi,TRANSIENT,3,0.597,20,332,0,0
1783,net_banking,HARD_DECLINE,1,0.906,5,1810,1,0
5390,upi,HARD_DECLINE,2,0.365,9,610,0,0
2899,credit_card,TRANSIENT,2,0.34,10,134,1,1
5399,debit_card,HARD_DECLINE,1,0.487,17,1270,0,0
4675,credit_card,HARD_DECLINE,3,0.577,19,156,1,0
4946,debit_card,TRANSIENT,2,0.825,12,1188,0,0
8084,credit_card,CUSTOMER_ACTION_REQUIRED,1,0.184,21,406,1,0
1690,debit_card,SOFT_DECLINE,1,0.104,24,1270,1,0
1878,credit_card,CUSTOMER_ACTION_REQUIRED,2,0.173,1,454,0,0
3151,credit_card,SOFT_DECLINE,1,0.476,5,1898,1,1
1355,upi,TRANSIENT,2,0.588,20,1781,0,0
856,net_banking,TRANSIENT,2,0.609,3,35,0,1
3641,credit_card,SOFT_DECLINE,1,0.559,4,1076,1,1
2645,credit_card,HARD_DECLINE,2,0.316,19,1176,1,0
4576,debit_card,SOFT_DECLINE,1,0.4,4,355,0,0
5725,upi,HARD_DECLINE,3,0.981,5,893,0,0
2315,credit_card,CUSTOMER_ACTION_REQUIRED,1,0.137,8,1035,0,0
714,upi,SOFT_DECLINE,1,0.427,8,931,1,0
4232,wallet,CUSTOMER_ACTION_REQUIRED,1,0.466,8,991,0,0
5491,debit_card,SOFT_DECLINE,2,0.699,8,883,1,0
1732,credit_card,HARD_DECLINE,2,0.5,14,1982,0,0
3558,debit_card,TRANSIENT,2,0.136,25,330,0,0
2093,upi,TRANSIENT,1,0.342,15,182,0,0
3876,debit_card,TRANSIENT,2,0.543,0,1657,1,0
2032,debit_card,UNKNOWN,2,0.838,20,161,1,0
5654,credit_card,TRANSIENT,1,0.762,8,303,0,1
2400,upi,UNKNOWN,2,0.085,19,205,0,0
7735,credit_card,SOFT_DECLINE,1,0.931,3,995,1,1
3808,debit_card,HARD_DECLINE,1,0.48,20,241,0,1
2162,credit_card,CUSTOMER_ACTION_REQUIRED,1,0.425,17,1215,0,0
1754,upi,SOFT_DECLINE,1,0.054,2,217,1,0
1328,credit_card,UNKNOWN,1,0.815,15,1167,0,1
5199,debit_card,TRANSIENT,1,0.163,24,1935,0,0
5972,credit_card,HARD_DECLINE,1,0.675,19,1875,0,0
2668,upi,HARD_DECLINE,2,0.664,10,1340,1,0
5758,net_banking,SOFT_DECLINE,3,0.748,8,1732,0,0
99,upi,SOFT_DECLINE,2,0.166,9,200,0,1
268,credit_card,HARD_DECLINE,1,0.941,25,1422,0,1
1210,credit_card,CUSTOMER_ACTION_REQUIRED,2,0.23,14,1646,0,0
4120,upi,HARD_DECLINE,2,0.447,17,265,0,0
747,credit_card,HARD_DECLINE,2,0.808,14,646,0,1
2567,credit_card,SOFT_DECLINE,2,0.516,2,593,1,0
3959,credit_card,SOFT_DECLINE,1,0.283,1,1410,0,1
944,upi,SOFT_DECLINE,1,0.437,5,559,0,1
2050,debit_card,TRANSIENT,1,0.691,1,1895,0,1
2387,credit_card,HARD_DECLINE,1,0.41,13,1867,0,0
3260,debit_card,UNKNOWN,1,0.827,13,271,0,1
4483,debit_card,CUSTOMER_ACTION_REQUIRED,2,0.651,22,1948,0,1
5960,net_banking,HARD_DECLINE,1,0.346,15,1387,0,1
6958,credit_card,CUSTOMER_ACTION_REQUIRED,2,0.823,16,1811,0,0
2727,net_banking,HARD_DECLINE,1,0.759,9,993,0,0
1649,credit_card,HARD_DECLINE,1,0.005,5,1225,1,0
6303,upi,TRANSIENT,3,0.88,2,567,0,0
1152,debit_card,SOFT_DECLINE,2,0.344,4,1302,0,1
2044,net_banking,SOFT_DECLINE,1,0.619,18,1139,0,0
5457,credit_card,SOFT_DECLINE,1,0.883,24,633,0,1
4209,net_banking,TRANSIENT,3,0.991,6,881,0,0
2394,wallet,HARD_DECLINE,1,0.695,10,1388,0,0
5388,credit_card,HARD_DECLINE,1,0.153,8,1753,0,0
1166,upi,SOFT_DECLINE,1,0.788,11,863,1,0
3444,debit_card,UNKNOWN,1,0.922,1,1958,0,1
1722,upi,SOFT_DECLINE,1,0.866,7,239,0,1
2422,upi,TRANSIENT,1,0.44,21,390,0,0
4797,net_banking,HARD_DECLINE,1,0.414,20,361,1,0
5892,debit_card,CUSTOMER_ACTION_REQUIRED,1,0.626,6,1143,0,0
426,upi,CUSTOMER_ACTION_REQUIRED,1,0.758,1,1885,0,1
854,credit_card,HARD_DECLINE,1,0.377,11,916,1,0
918,net_banking,TRANSIENT,1,0.855,21,1099,1,1
99,net_banking,UNKNOWN,1,0.042,10,1738,0,0
2545,upi,HARD_DECLINE,1,0.31,17,1057,0,0
2357,wallet,CUSTOMER_ACTION_REQUIRED,1,0.243,21,481,0,0
3213,upi,HARD_DECLINE,3,0.091,23,1575,0,0
7046,credit_card,TRANSIENT,1,0.98,4,1643,0,0
1449,debit_card,SOFT_DECLINE,1,0.542,21,1622,1,0
6975,upi,SOFT_DECLINE,1,0.506,15,949,0,0
2537,credit_card,SOFT_DECLINE,2,0.407,21,1129,1,1
5879,debit_card,HARD_DECLINE,3,0.704,15,527,1,0
99,upi,TRANSIENT,2,0.851,14,1053,0,0
1746,debit_card,TRANSIENT,1,0.218,4,1619,0,0
4984,credit_card,HARD_DECLINE,1,0.816,25,947,0,1
6889,upi,HARD_DECLINE,1,0.342,9,1890,0,0
4044,upi,HARD_DECLINE,3,0.796,14,1359,1,0
3040,wallet,SOFT_DECLINE,1,0.584,20,1636,0,0
1552,credit_card,HARD_DECLINE,1,0.787,10,808,0,0
4759,debit_card,UNKNOWN,2,0.499,7,454,1,1
2137,wallet,CUSTOMER_ACTION_REQUIRED,1,0.544,10,751,0,0
6068,credit_card,SOFT_DECLINE,1,0.615,10,1223,0,0
1278,credit_card,SOFT_DECLINE,1,0.488,0,1332,0,1
2647,credit_card,TRANSIENT,3,0.576,0,1450,1,0
1248,credit_card,SOFT_DECLINE,2,0.144,7,537,0,0
5489,net_banking,TRANSIENT,1,0.674,3,779,0,1
352,net_banking,SOFT_DECLINE,1,0.458,4,1332,0,0
8704,debit_card,SOFT_DECLINE,1,0.431,19,783,0,0
2927,credit_card,HARD_DECLINE,3,0.341,10,1282,0,0
4474,debit_card,TRANSIENT,2,0.134,22,1323,1,1
1879,net_banking,SOFT_DECLINE,3,0.286,2,1175,1,0
2747,debit_card,TRANSIENT,1,0.809,1,1960,0,1
677,wallet,SOFT_DECLINE,1,0.759,12,1361,1,0
6947,upi,HARD_DECLINE,1,0.295,9,684,1,0
5594,net_banking,TRANSIENT,1,0.631,24,1305,0,1
978,upi,TRANSIENT,1,0.823,11,1429,0,1
2386,upi,UNKNOWN,2,0.285,9,49,0,0
3370,upi,TRANSIENT,2,0.022,8,214,1,0
6573,net_banking,CUSTOMER_ACTION_REQUIRED,1,0.83,5,754,0,0
2070,upi,HARD_DECLINE,2,0.253,4,1669,0,0
7514,debit_card,TRANSIENT,1,0.554,19,208,0,0
9699,debit_card,TRANSIENT,1,0.502,11,998,1,1
1424,upi,HARD_DECLINE,2,0.892,13,1149,0,0
3928,net_banking,TRANSIENT,1,0.165,2,1838,0,1
3828,credit_card,TRANSIENT,1,0.592,9,1177,1,1
99,credit_card,UNKNOWN,1,0.38,13,648,0,1
2144,upi,TRANSIENT,2,0.869,1,1080,1,0
1264,debit_card,TRANSIENT,1,0.442,4,508,0,0
1262,debit_card,HARD_DECLINE,3,0.974,22,1832,0,0
850,credit_card,SOFT_DECLINE,3,0.092,3,1848,0,0
170,debit_card,SOFT_DECLINE,2,0.112,23,451,0,1
4869,credit_card,CUSTOMER_ACTION_REQUIRED,1,0.028,15,186,1,0
2427,debit_card,HARD_DECLINE,2,0.496,11,1568,0,0
3699,debit_card,CUSTOMER_ACTION_REQUIRED,2,0.209,12,83,0,0
7618,debit_card,UNKNOWN,1,0.652,21,1554,0,1
1497,upi,HARD_DECLINE,1,0.188,18,1283,0,0
4797,debit_card,TRANSIENT,1,0.014,19,1274,1,0
280,wallet,CUSTOMER_ACTION_REQUIRED,2,0.137,24,537,1,0
5049,credit_card,TRANSIENT,2,0.523,0,1630,1,1
5492,credit_card,CUSTOMER_ACTION_REQUIRED,1,0.216,6,1759,1,0
3784,debit_card,SOFT_DECLINE,1,0.285,22,1139,0,0
3093,upi,HARD_DECLINE,2,0.841,15,411,1,0
5256,debit_card,SOFT_DECLINE,2,0.686,17,1966,1,1
4023,net_banking,SOFT_DECLINE,2,0.955,25,79,0,0
7157,credit_card,SOFT_DECLINE,2,0.428,17,1178,0,0
278,debit_card,SOFT_DECLINE,1,0.241,0,96,1,1
1639,debit_card,SOFT_DECLINE,1,0.421,25,590,0,0
727,credit_card,UNKNOWN,1,0.039,7,246,0,0
4811,debit_card,TRANSIENT,1,0.122,11,1081,1,0
2980,upi,TRANSIENT,1,0.544,22,668,0,0
4017,credit_card,CUSTOMER_ACTION_REQUIRED,1,0.118,9,821,0,0
1499,credit_card,CUSTOMER_ACTION_REQUIRED,2,0.022,10,729,1,0
2844,debit_card,SOFT_DECLINE,1,0.742,16,535,0,0
10607,net_banking,UNKNOWN,1,0.09,8,1682,1,0
1596,credit_card,HARD_DECLINE,2,0.281,10,1765,0,0
3035,credit_card,HARD_DECLINE,1,0.601,13,1347,0,0
3293,wallet,HARD_DECLINE,3,0.376,18,995,0,0
2380,upi,HARD_DECLINE,2,0.803,12,1663,0,0
1215,net_banking,HARD_DECLINE,3,0.325,21,1322,0,0
3656,credit_card,HARD_DECLINE,1,0.683,11,97,0,1
341,upi,SOFT_DECLINE,1,0.892,24,1969,1,1
2301,credit_card,SOFT_DECLINE,3,0.813,1,61,0,1
8017,upi,SOFT_DECLINE,2,0.576,22,284,1,1
1124,credit_card,UNKNOWN,1,0.294,2,1549,0,0
1386,wallet,HARD_DECLINE,2,0.13,10,375,0,0
2607,wallet,TRANSIENT,3,0.864,20,945,1,0
5307,upi,HARD_DECLINE,2,0.319,5,509,1,0
3205,credit_card,SOFT_DECLINE,1,0.732,19,1026,0,0
4473,credit_card,HARD_DECLINE,1,0.013,17,1967,1,0
1664,upi,HARD_DECLINE,1,0.738,1,1783,1,0
5169,upi,UNKNOWN,1,0.09,9,385,0,0
2099,net_banking,CUSTOMER_ACTION_REQUIRED,1,0.996,17,443,0,0
5141,net_banking,HARD_DECLINE,2,0.859,21,1037,0,0
6353,credit_card,HARD_DECLINE,1,0.637,22,997,1,1
6977,credit_card,SOFT_DECLINE,2,0.985,16,1802,0,0
3506,net_banking,TRANSIENT,3,0.936,15,1520,0,1
1048,credit_card,SOFT_DECLINE,3,0.258,12,1489,0,0
3235,net_banking,UNKNOWN,1,0.8,5,1528,0,0
7206,wallet,SOFT_DECLINE,2,0.671,17,1787,0,0
6718,credit_card,HARD_DECLINE,3,0.56,23,1044,0,0
2999,net_banking,HARD_DECLINE,2,0.341,5,714,0,0
2411,upi,HARD_DECLINE,3,0.755,12,1019,0,0
2788,upi,HARD_DECLINE,1,0.02,17,911,0,0
4716,wallet,TRANSIENT,1,0.063,9,854,0,0
171,credit_card,TRANSIENT,2,0.829,6,1428,0,1
3284,upi,CUSTOMER_ACTION_REQUIRED,1,0.246,16,1620,1,0
2568,debit_card,HARD_DECLINE,2,0.764,24,1683,0,0
4079,net_banking,TRANSIENT,1,0.889,16,510,1,1
761,upi,TRANSIENT,1,0.723,17,931,0,0
5642,debit_card,TRANSIENT,1,0.863,25,726,0,1
4032,debit_card,SOFT_DECLINE,2,0.09,19,1074,1,1
704,credit_card,UNKNOWN,2,0.806,6,659,1,1
3339,credit_card,TRANSIENT,3,0.397,7,149,1,0
2945,wallet,SOFT_DECLINE,3,0.952,7,524,1,0
4534,wallet,HARD_DECLINE,1,0.775,8,1618,0,0
1598,credit_card,TRANSIENT,1,0.465,23,1010,0,1
2868,credit_card,HARD_DECLINE,2,0.575,0,156,0,0
2288,credit_card,CUSTOMER_ACTION_REQUIRED,2,0.209,4,1038,0,0
1207,credit_card,SOFT_DECLINE,3,0.697,5,1613,0,0
5280,net_banking,SOFT_DECLINE,1,0.177,10,1567,0,1
975,credit_card,TRANSIENT,1,0.767,22,1493,0,1
1931,debit_card,HARD_DECLINE,2,0.204,14,52,1,0
1428,credit_card,CUSTOMER_ACTION_REQUIRED,1,0.627,25,1083,1,0
5051,upi,SOFT_DECLINE,1,0.547,0,581,0,0
4170,net_banking,HARD_DECLINE,2,0.372,21,1417,1,0
9839,debit_card,HARD_DECLINE,2,0.296,22,760,1,0
3714,credit_card,HARD_DECLINE,1,0.697,25,485,0,0
3380,credit_card,SOFT_DECLINE,2,0.198,19,907,0,0
4349,upi,TRANSIENT,1,0.992,6,1331,0,1
1325,upi,HARD_DECLINE,2,0.518,6,1417,1,0
451,credit_card,TRANSIENT,1,0.374,18,1718,0,0
1305,upi,HARD_DECLINE,1,0.012,13,919,0,0
657,upi,SOFT_DECLINE,2,0.403,14,487,0,0
4558,net_banking,SOFT_DECLINE,1,0.247,17,1225,0,0
114,credit_card,CUSTOMER_ACTION_REQUIRED,1,0.185,4,1784,0,1
3109,debit_card,TRANSIENT,2,0.295,18,1415,0,1
1142,upi,HARD_DECLINE,3,0.289,6,1169,0,0
386,debit_card,HARD_DECLINE,1,0.074,1,1081,0,1
4453,net_banking,TRANSIENT,1,0.146,25,1965,0,1
2932,credit_card,HARD_DECLINE,2,0.657,14,449,0,0
1486,upi,TRANSIENT,1,0.505,8,1185,1,0
3957,debit_card,SOFT_DECLINE,1,0.01,17,1093,0,0
151,upi,HARD_DECLINE,1,0.859,4,876,1,0
5659,upi,SOFT_DECLINE,1,0.469,11,1287,0,0
701,wallet,TRANSIENT,2,0.787,19,1403,1,1
6699,debit_card,TRANSIENT,2,0.366,17,250,1,1
821,credit_card,SOFT_DECLINE,1,0.435,18,1740,1,0
6052,upi,HARD_DECLINE,2,0.882,23,1608,0,0
2388,debit_card,SOFT_DECLINE,1,0.659,12,924,1,0
3641,debit_card,HARD_DECLINE,1,0.091,16,1918,0,0
975,credit_card,UNKNOWN,2,0.355,19,1708,0,0
4210,credit_card,TRANSIENT,1,0.045,18,1350,0,0
4848,net_banking,SOFT_DECLINE,3,0.165,7,640,0,0
1075,debit_card,SOFT_DECLINE,1,0.102,11,826,1,1
10415,credit_card,SOFT_DECLINE,1,0.21,9,889,0,0
3557,credit_card,TRANSIENT,1,0.441,14,911,0,0
1367,net_banking,HARD_DECLINE,1,0.186,3,1693,1,0
1363,upi,TRANSIENT,3,0.551,13,1484,0,0
510,upi,TRANSIENT,2,0.042,9,281,1,0
4458,debit_card,TRANSIENT,2,0.401,3,1698,1,1
856,upi,HARD_DECLINE,1,0.586,25,1780,0,0
3704,wallet,TRANSIENT,2,0.811,14,223,0,1
2373,credit_card,SOFT_DECLINE,2,0.654,2,1254,1,0
561,credit_card,HARD_DECLINE,1,0.877,10,277,0,0
5548,upi,HARD_DECLINE,2,0.576,17,927,1,0
3379,credit_card,HARD_DECLINE,1,0.948,19,1772,1,1
3018,wallet,CUSTOMER_ACTION_REQUIRED,1,0.715,25,1765,0,0
5105,net_banking,SOFT_DECLINE,1,0.591,6,1694,1,0
4558,debit_card,SOFT_DECLINE,3,0.042,24,1685,1,0
718,net_banking,UNKNOWN,3,0.471,11,1099,0,0
3517,credit_card,HARD_DECLINE,1,0.399,2,1444,0,0
4311,debit_card,TRANSIENT,1,0.23,1,825,0,0
2803,debit_card,UNKNOWN,1,0.093,3,271,0,1
5989,debit_card,HARD_DECLINE,1,0.668,20,1627,1,0
805,net_banking,CUSTOMER_ACTION_REQUIRED,1,0.182,11,1225,0,0
4742,upi,SOFT_DECLINE,1,0.115,9,1701,0,0
4993,upi,HARD_DECLINE,2,0.996,3,1762,1,0
3398,credit_card,SOFT_DECLINE,1,0.288,0,734,1,1
1943,net_banking,HARD_DECLINE,2,0.006,3,859,0,0
3223,net_banking,UNKNOWN,2,0.807,1,1824,0,1
1102,net_banking,HARD_DECLINE,1,0.804,17,1751,1,0
3435,credit_card,SOFT_DECLINE,1,0.591,25,1770,0,0
2565,credit_card,CUSTOMER_ACTION_REQUIRED,2,0.692,14,567,1,0
596,upi,HARD_DECLINE,1,0.654,15,558,1,0
1220,credit_card,TRANSIENT,2,0.016,19,765,0,0
5089,net_banking,HARD_DECLINE,2,0.627,9,960,0,0
7379,upi,TRANSIENT,1,0.045,12,1951,0,1
714,wallet,TRANSIENT,1,0.712,16,685,0,1
4642,wallet,UNKNOWN,1,0.609,14,1990,0,1
2514,credit_card,SOFT_DECLINE,1,0.19,19,1099,1,0
524,debit_card,SOFT_DECLINE,3,0.998,21,875,0,1
5199,debit_card,SOFT_DECLINE,2,0.295,5,158,0,0
505,credit_card,SOFT_DECLINE,1,0.938,10,333,1,0
2785,debit_card,SOFT_DECLINE,1,0.321,16,1745,0,0
1710,debit_card,CUSTOMER_ACTION_REQUIRED,1,0.956,1,725,0,1
3233,upi,SOFT_DECLINE,1,0.719,16,587,0,0
4650,wallet,SOFT_DECLINE,2,0.288,4,526,1,0
4212,credit_card,HARD_DECLINE,2,0.271,8,1850,0,0
3718,credit_card,HARD_DECLINE,2,0.799,8,1795,1,0
3663,debit_card,UNKNOWN,2,0.197,20,983,0,0
6793,credit_card,HARD_DECLINE,2,0.045,4,227,0,0
3718,credit_card,SOFT_DECLINE,1,0.681,23,1088,1,1
6415,credit_card,TRANSIENT,2,0.383,9,363,0,1
3080,upi,SOFT_DECLINE,1,0.332,16,999,0,1
328,debit_card,UNKNOWN,1,0.213,22,645,0,0
7654,upi,TRANSIENT,1,0.311,23,410,1,1
2769,credit_card,SOFT_DECLINE,1,0.526,17,1580,1,1
2065,credit_card,TRANSIENT,2,0.187,15,355,1,1
4549,debit_card,SOFT_DECLINE,3,0.709,17,293,0,0
4277,upi,SOFT_DECLINE,2,0.129,20,997,1,1
598,credit_card,CUSTOMER_ACTION_REQUIRED,3,0.555,19,418,1,0
6012,debit_card,HARD_DECLINE,1,0.296,2,556,0,0
5054,net_banking,TRANSIENT,1,0.388,8,1918,1,1
5117,upi,HARD_DECLINE,1,0.271,6,467,1,0
2025,credit_card,CUSTOMER_ACTION_REQUIRED,1,0.851,7,495,0,0
4359,net_banking,HARD_DECLINE,2,0.028,0,1566,1,0
5286,credit_card,HARD_DECLINE,1,0.6,11,1543,0,0
158,upi,CUSTOMER_ACTION_REQUIRED,1,0.092,15,1078,0,0
99,net_banking,UNKNOWN,1,0.366,18,344,0,0
3248,wallet,SOFT_DECLINE,3,0.583,1,1980,0,0
4282,credit_card,TRANSIENT,2,0.321,17,113,0,0
4598,credit_card,SOFT_DECLINE,3,0.738,16,477,0,0
4457,debit_card,SOFT_DECLINE,2,0.256,14,66,1,0
2760,wallet,CUSTOMER_ACTION_REQUIRED,2,0.449,22,315,1,0
3316,credit_card,CUSTOMER_ACTION_REQUIRED,3,0.787,20,1133,1,0
2003,net_banking,UNKNOWN,1,0.481,25,565,0,1
2891,upi,SOFT_DECLINE,1,0.198,0,1886,1,0
1633,wallet,HARD_DECLINE,2,0.9,12,1381,0,1
3633,debit_card,SOFT_DECLINE,1,0.182,8,1368,0,1
2130,net_banking,SOFT_DECLINE,1,0.112,16,1377,1,0
8056,credit_card,SOFT_DECLINE,3,0.181,0,1817,0,0
3021,credit_card,HARD_DECLINE,1,0.726,7,1646,0,0
2511,credit_card,SOFT_DECLINE,1,0.338,11,1925,0,0
1028,upi,HARD_DECLINE,1,0.623,15,1205,0,0
7169,net_banking,TRANSIENT,1,0.689,10,1210,0,1
639,debit_card,SOFT_DECLINE,1,0.788,13,177,1,0
3355,credit_card,TRANSIENT,1,0.585,7,1616,0,1
3480,upi,UNKNOWN,2,0.855,6,440,0,1
1504,net_banking,CUSTOMER_ACTION_REQUIRED,1,0.866,1,222,1,1
5098,debit_card,TRANSIENT,1,0.199,8,1052,0,0
2558,upi,SOFT_DECLINE,1,0.003,23,1104,0,1
4584,upi,UNKNOWN,1,0.606,9,1748,0,0
1957,wallet,HARD_DECLINE,1,0.906,7,1116,0,1
285,net_banking,SOFT_DECLINE,1,0.182,1,1226,0,1
5520,upi,CUSTOMER_ACTION_REQUIRED,1,0.432,7,1411,1,0
1639,upi,HARD_DECLINE,1,0.363,15,242,0,0
3550,net_banking,SOFT_DECLINE,1,0.195,24,1824,0,1
2508,debit_card,TRANSIENT,3,0.676,6,1310,0,0
1991,credit_card,CUSTOMER_ACTION_REQUIRED,3,0.424,10,862,0,0
2210,upi,CUSTOMER_ACTION_REQUIRED,3,0.524,21,1268,0,0
3433,wallet,SOFT_DECLINE,1,0.83,18,630,0,0
1314,wallet,CUSTOMER_ACTION_REQUIRED,1,0.168,6,337,0,0
4058,net_banking,HARD_DECLINE,2,0.351,12,1685,0,0
2867,debit_card,SOFT_DECLINE,1,0.583,8,936,0,1
538,net_banking,CUSTOMER_ACTION_REQUIRED,1,0.854,8,1798,1,1
3286,credit_card,HARD_DECLINE,1,0.601,0,1175,0,0
1164,upi,HARD_DECLINE,1,0.227,19,559,1,1
2069,net_banking,SOFT_DECLINE,1,0.968,16,44,0,0
7933,debit_card,TRANSIENT,3,0.58,5,1507,0,1
2955,debit_card,HARD_DECLINE,3,0.811,0,1002,1,0
2261,net_banking,UNKNOWN,1,0.001,12,477,1,0
6584,credit_card,SOFT_DECLINE,2,0.408,16,501,0,0
5721,credit_card,HARD_DECLINE,2,0.925,14,605,0,0
7053,upi,UNKNOWN,2,0.248,4,1880,0,0
99,debit_card,HARD_DECLINE,1,0.595,25,139,0,0
4018,net_banking,SOFT_DECLINE,1,0.489,1,1019,0,1
3354,debit_card,CUSTOMER_ACTION_REQUIRED,1,0.977,8,1242,0,0
3607,credit_card,HARD_DECLINE,2,0.427,8,545,1,0
4731,debit_card,CUSTOMER_ACTION_REQUIRED,2,0.473,18,460,0,1
3166,debit_card,CUSTOMER_ACTION_REQUIRED,1,0.032,24,987,1,0
576,debit_card,SOFT_DECLINE,2,0.06,2,1333,0,0
3850,credit_card,HARD_DECLINE,2,0.399,3,1796,1,1
4338,debit_card,TRANSIENT,1,0.645,16,639,0,1
5511,credit_card,HARD_DECLINE,3,0.446,10,1907,0,0
1479,upi,TRANSIENT,2,0.628,24,858,0,1
2682,net_banking,CUSTOMER_ACTION_REQUIRED,3,0.528,24,1131,0,0
5909,credit_card,SOFT_DECLINE,3,0.806,7,550,0,0
5446,debit_card,SOFT_DECLINE,2,0.007,9,1827,1,1
262,credit_card,TRANSIENT,1,0.118,14,1164,0,0
3635,upi,HARD_DECLINE,2,0.083,15,1554,0,0
1183,credit_card,SOFT_DECLINE,1,0.267,1,1158,0,0
3357,upi,SOFT_DECLINE,1,0.626,14,1312,0,0
4630,net_banking,CUSTOMER_ACTION_REQUIRED,1,0.619,24,140,1,0
4284,net_banking,TRANSIENT,3,0.658,12,810,1,1
3310,net_banking,HARD_DECLINE,3,0.358,12,752,1,1
2220,debit_card,TRANSIENT,1,0.805,1,1677,1,1
2024,credit_card,UNKNOWN,1,0.975,19,761,1,0
2561,credit_card,UNKNOWN,2,0.532,22,109,0,0
4613,debit_card,SOFT_DECLINE,2,0.055,16,1820,1,0
8972,net_banking,HARD_DECLINE,1,0.288,14,475,0,0
5189,debit_card,HARD_DECLINE,1,0.205,25,1106,0,0
2216,debit_card,CUSTOMER_ACTION_REQUIRED,2,0.375,2,1127,1,1
1337,upi,HARD_DECLINE,2,0.437,8,1774,1,0
3946,debit_card,UNKNOWN,2,0.686,24,1111,0,0
5174,net_banking,TRANSIENT,1,0.244,16,283,0,0
4094,upi,CUSTOMER_ACTION_REQUIRED,1,0.388,21,1666,1,0
1388,debit_card,HARD_DECLINE,1,0.739,22,1761,1,1
2064,upi,HARD_DECLINE,1,0.917,0,938,0,0
6831,debit_card,UNKNOWN,1,0.698,24,1943,1,0
6888,credit_card,SOFT_DECLINE,1,0.153,14,1619,1,0
4596,upi,CUSTOMER_ACTION_REQUIRED,3,0.272,18,1819,1,0
1588,credit_card,HARD_DECLINE,1,0.587,25,538,0,0
2872,debit_card,TRANSIENT,2,0.874,11,1258,0,0
1599,upi,SOFT_DECLINE,3,0.845,3,923,0,1
5679,upi,HARD_DECLINE,2,0.489,4,705,0,0
3440,net_banking,CUSTOMER_ACTION_REQUIRED,1,0.734,0,799,1,0
382,wallet,CUSTOMER_ACTION_REQUIRED,1,0.68,12,768,1,1
5662,debit_card,SOFT_DECLINE,1,0.496,20,1707,1,1
5293,debit_card,UNKNOWN,1,0.29,11,1304,0,0
3491,debit_card,SOFT_DECLINE,3,0.956,21,469,1,0
4182,debit_card,UNKNOWN,3,0.764,13,1072,1,0
1565,upi,HARD_DECLINE,1,0.03,13,1584,0,0
7275,credit_card,TRANSIENT,3,0.68,17,687,0,1
3288,debit_card,HARD_DECLINE,1,0.046,19,1426,0,0
5472,debit_card,HARD_DECLINE,1,0.956,16,1066,0,0
99,credit_card,TRANSIENT,1,0.597,2,251,0,1
6247,debit_card,TRANSIENT,1,0.611,6,1434,0,1
3146,upi,TRANSIENT,1,0.002,21,1851,1,0
6323,credit_card,SOFT_DECLINE,2,0.952,17,1120,0,0
1146,net_banking,SOFT_DECLINE,1,0.453,12,538,0,1
2483,credit_card,CUSTOMER_ACTION_REQUIRED,1,0.233,16,1462,1,0
2472,debit_card,HARD_DECLINE,2,0.413,8,1767,1,0
4948,upi,HARD_DECLINE,2,0.762,19,1710,0,0
765,upi,HARD_DECLINE,1,0.444,9,588,0,0
2565,debit_card,SOFT_DECLINE,1,0.932,8,816,0,1
2441,upi,HARD_DECLINE,1,0.808,12,666,0,0
3944,net_banking,SOFT_DECLINE,2,0.792,18,1584,1,0
3327,debit_card,HARD_DECLINE,1,0.668,25,1093,1,0
318,debit_card,HARD_DECLINE,2,0.577,25,328,1,0
4610,net_banking,HARD_DECLINE,1,0.186,1,493,0,0
4859,upi,HARD_DECLINE,1,0.387,22,161,1,0
9422,upi,CUSTOMER_ACTION_REQUIRED,1,0.245,8,1642,1,0
2569,net_banking,HARD_DECLINE,1,0.776,21,847,0,0
3932,debit_card,HARD_DECLINE,1,0.002,11,720,1,0
197,upi,CUSTOMER_ACTION_REQUIRED,1,0.424,20,553,0,0
3344,net_banking,UNKNOWN,1,0.255,13,757,1,0
3587,credit_card,SOFT_DECLINE,1,0.088,21,1074,0,1
4232,net_banking,HARD_DECLINE,1,0.574,18,1110,1,0
4438,debit_card,TRANSIENT,1,0.101,7,678,0,0
2867,credit_card,TRANSIENT,1,0.186,18,1055,0,0
4605,upi,SOFT_DECLINE,1,0.854,21,1240,0,1
2866,credit_card,SOFT_DECLINE,1,0.982,25,1065,0,1
2958,credit_card,CUSTOMER_ACTION_REQUIRED,1,0.127,2,1112,1,0
5870,upi,CUSTOMER_ACTION_REQUIRED,2,0.362,19,72,1,1
1382,credit_card,TRANSIENT,2,0.429,3,1672,1,1
8734,net_banking,UNKNOWN,1,0.484,23,1866,0,0
4656,debit_card,TRANSIENT,1,0.751,4,252,0,1
3838,net_banking,SOFT_DECLINE,1,0.447,4,119,1,1
5645,credit_card,TRANSIENT,2,0.18,13,872,0,0
5212,credit_card,TRANSIENT,1,0.51,13,1592,1,1
4335,credit_card,SOFT_DECLINE,1,0.139,1,1411,1,0
916,credit_card,SOFT_DECLINE,1,0.889,11,1880,0,0
3609,debit_card,HARD_DECLINE,1,0.426,0,683,0,1
2647,credit_card,TRANSIENT,1,0.87,19,444,0,0
1964,upi,SOFT_DECLINE,1,0.23,22,1912,1,0
2612,debit_card,SOFT_DECLINE,3,0.871,13,707,0,1
864,credit_card,SOFT_DECLINE,1,0.108,16,495,1,1
2996,credit_card,SOFT_DECLINE,2,0.684,23,256,0,1
1377,credit_card,TRANSIENT,2,0.906,10,1484,1,1
1727,credit_card,HARD_DECLINE,1,0.365,7,489,0,0
1989,debit_card,TRANSIENT,2,0.368,9,426,0,0
4019,net_banking,TRANSIENT,2,0.264,14,1932,0,0
2256,upi,TRANSIENT,1,0.967,8,932,1,1
724,upi,SOFT_DECLINE,2,0.805,6,1915,0,0
797,credit_card,HARD_DECLINE,2,0.847,11,809,0,0
2319,debit_card,HARD_DECLINE,3,0.237,22,1615,0,1
3881,wallet,HARD_DECLINE,2,0.721,18,201,0,0
1306,credit_card,SOFT_DECLINE,1,0.889,9,1348,0,1
654,credit_card,HARD_DECLINE,1,0.386,22,1499,0,0
5427,debit_card,UNKNOWN,1,0.931,11,986,1,0
6308,debit_card,UNKNOWN,1,0.577,12,398,0,0
6588,debit_card,CUSTOMER_ACTION_REQUIRED,1,0.111,21,1706,1,1
7761,net_banking,TRANSIENT,2,0.383,23,1707,0,1
4240,net_banking,SOFT_DECLINE,3,0.886,25,481,0,1
3156,upi,HARD_DECLINE,2,0.003,17,167,0,1
447,wallet,CUSTOMER_ACTION_REQUIRED,1,0.024,25,1398,0,0
3006,debit_card,SOFT_DECLINE,1,0.05,8,1404,0,1
4139,credit_card,SOFT_DECLINE,1,0.647,24,1535,0,0
2698,wallet,SOFT_DECLINE,1,0.636,19,771,0,0
3584,wallet,HARD_DECLINE,1,0.816,3,449,0,0
1704,net_banking,UNKNOWN,3,0.663,25,608,0,0
5240,debit_card,HARD_DECLINE,1,0.747,25,1509,0,0
3707,debit_card,TRANSIENT,1,0.731,15,1518,0,1
1239,credit_card,UNKNOWN,2,0.614,19,1395,0,0
3558,credit_card,HARD_DECLINE,1,0.387,18,1238,0,0
4885,upi,SOFT_DECLINE,1,0.38,8,902,0,1
124,debit_card,SOFT_DECLINE,1,0.569,18,1208,1,1
6773,credit_card,HARD_DECLINE,1,0.217,10,1343,0,0
4961,upi,HARD_DECLINE,1,0.232,10,1756,1,0
1051,credit_card,TRANSIENT,3,0.254,16,283,1,0
857,net_banking,SOFT_DECLINE,1,0.29,11,280,0,0
2086,credit_card,TRANSIENT,2,0.511,10,1884,0,0
2505,credit_card,HARD_DECLINE,2,0.844,11,1743,0,0
1970,wallet,SOFT_DECLINE,1,0.845,2,969,1,1
265,debit_card,TRANSIENT,1,0.319,11,537,0,0
99,debit_card,TRANSIENT,1,0.969,5,132,0,1
6957,credit_card,HARD_DECLINE,1,0.855,14,1348,0,0
3359,credit_card,CUSTOMER_ACTION_REQUIRED,1,0.89,25,973,0,0
4092,debit_card,SOFT_DECLINE,1,0.759,7,1615,0,0
6688,net_banking,SOFT_DECLINE,1,0.146,15,1626,0,0
4472,debit_card,HARD_DECLINE,2,0.15,0,248,0,0
421,net_banking,SOFT_DECLINE,3,0.642,6,1994,1,0
727,credit_card,HARD_DECLINE,1,0.953,6,1112,1,0
1665,credit_card,HARD_DECLINE,2,0.3,11,840,1,0
5621,debit_card,UNKNOWN,2,0.879,5,817,1,0
1711,debit_card,SOFT_DECLINE,3,0.962,7,729,0,0
3748,upi,HARD_DECLINE,1,0.25,9,38,0,0
2437,credit_card,HARD_DECLINE,1,0.062,25,1308,0,0
4929,upi,SOFT_DECLINE,2,0.051,1,1660,0,0
6114,wallet,SOFT_DECLINE,2,0.108,6,720,1,0
4043,credit_card,HARD_DECLINE,1,0.913,5,626,0,0
6302,debit_card,SOFT_DECLINE,1,0.664,2,1112,0,0
3883,credit_card,SOFT_DECLINE,2,0.435,11,1526,0,1
3289,net_banking,SOFT_DECLINE,3,0.697,10,1160,1,0
2112,debit_card,TRANSIENT,1,0.17,1,1471,1,0
5846,credit_card,SOFT_DECLINE,1,0.686,20,609,1,0
4699,debit_card,HARD_DECLINE,1,0.284,24,202,1,0
5683,upi,SOFT_DECLINE,1,0.285,5,874,1,1
1083,credit_card,TRANSIENT,2,0.108,9,1852,1,1
2202,upi,CUSTOMER_ACTION_REQUIRED,3,0.513,16,830,0,0
446,upi,SOFT_DECLINE,1,0.187,25,1258,1,0
8845,upi,SOFT_DECLINE,3,0.312,8,1451,0,1
1077,debit_card,CUSTOMER_ACTION_REQUIRED,2,0.719,17,1370,1,1
4297,debit_card,TRANSIENT,1,0.829,17,1601,1,0
1822,debit_card,SOFT_DECLINE,3,0.973,23,286,1,0
4146,credit_card,HARD_DECLINE,2,0.63,24,353,1,0
5219,net_banking,TRANSIENT,2,0.253,7,1129,0,0
7229,debit_card,CUSTOMER_ACTION_REQUIRED,2,0.732,20,1329,0,0
3796,debit_card,HARD_DECLINE,2,0.9,22,839,0,0
5330,upi,UNKNOWN,2,0.075,14,1361,1,0
1208,credit_card,CUSTOMER_ACTION_REQUIRED,1,0.219,1,1837,0,0
4121,upi,TRANSIENT,2,0.967,4,610,0,0
184,credit_card,TRANSIENT,1,0.289,2,924,0,0
601,upi,SOFT_DECLINE,2,0.752,24,1483,0,0
1402,credit_card,SOFT_DECLINE,1,0.103,17,376,0,0
4334,debit_card,TRANSIENT,1,0.834,17,1363,0,1
6478,upi,CUSTOMER_ACTION_REQUIRED,1,0.181,7,751,0,0
1197,credit_card,HARD_DECLINE,1,0.821,23,903,0,0
1427,upi,HARD_DECLINE,1,0.312,14,1504,1,1
1362,net_banking,SOFT_DECLINE,1,0.723,17,1911,0,1
576,upi,SOFT_DECLINE,2,0.913,6,1632,1,1
3675,wallet,SOFT_DECLINE,1,0.011,10,1897,0,1
3677,credit_card,HARD_DECLINE,1,0.359,23,380,1,0
4909,credit_card,SOFT_DECLINE,2,0.742,19,167,0,1
1254,upi,SOFT_DECLINE,1,0.921,22,1922,0,1
4413,debit_card,SOFT_DECLINE,2,0.932,7,853,0,0
4129,net_banking,TRANSIENT,2,0.252,15,516,0,0
6332,credit_card,TRANSIENT,1,0.502,25,984,0,0
6746,credit_card,UNKNOWN,3,0.678,6,1327,0,1
6849,debit_card,SOFT_DECLINE,2,0.654,18,1566,1,0
315,debit_card,SOFT_DECLINE,2,0.749,4,1984,0,1
5483,upi,TRANSIENT,2,0.498,6,174,1,0
2158,credit_card,UNKNOWN,3,0.898,17,1061,0,0
3460,debit_card,TRANSIENT,1,0.259,0,84,1,0
1335,net_banking,TRANSIENT,1,0.417,17,1979,0,1
4312,credit_card,TRANSIENT,1,0.253,17,208,0,1
3594,debit_card,SOFT_DECLINE,1,0.55,17,942,0,0
99,credit_card,TRANSIENT,2,0.854,6,1391,1,1
1649,debit_card,TRANSIENT,1,0.213,6,658,1,1
3492,credit_card,SOFT_DECLINE,2,0.002,0,1318,1,1
3142,debit_card,TRANSIENT,3,0.455,9,302,1,0
1415,credit_card,UNKNOWN,1,0.357,24,1792,0,0
419,debit_card,HARD_DECLINE,2,0.077,16,1669,0,0
175,upi,HARD_DECLINE,2,0.454,13,1005,0,0
3063,credit_card,CUSTOMER_ACTION_REQUIRED,1,0.656,4,1647,1,0
303,upi,SOFT_DECLINE,2,0.042,16,1005,1,0
631,credit_card,TRANSIENT,1,0.501,16,1685,0,0
3204,net_banking,HARD_DECLINE,1,0.686,15,1999,0,0
4209,upi,HARD_DECLINE,1,0.626,25,249,1,0
4142,debit_card,SOFT_DECLINE,2,0.539,10,518,0,0
6034,net_banking,TRANSIENT,2,0.601,24,512,0,0
5521,debit_card,HARD_DECLINE,1,0.847,14,47,1,1
3499,upi,SOFT_DECLINE,2,0.197,17,1374,1,1
636,debit_card,CUSTOMER_ACTION_REQUIRED,2,0.674,8,608,0,0
206,net_banking,SOFT_DECLINE,1,0.593,13,963,0,0
4853,debit_card,CUSTOMER_ACTION_REQUIRED,1,0.716,23,307,0,0
2413,credit_card,HARD_DECLINE,1,0.78,21,1394,1,0
3613,upi,HARD_DECLINE,3,0.782,9,854,1,0
3229,debit_card,HARD_DECLINE,1,0.944,3,1960,0,0
2131,upi,UNKNOWN,1,0.951,4,1995,0,0
3559,net_banking,SOFT_DECLINE,1,0.696,18,1153,0,1
199,wallet,CUSTOMER_ACTION_REQUIRED,1,0.242,10,978,0,0
2963,credit_card,HARD_DECLINE,2,0.464,4,660,0,0
829,upi,HARD_DECLINE,2,0.601,25,1421,1,0
1120,credit_card,HARD_DECLINE,3,0.513,3,1674,0,0
1828,debit_card,CUSTOMER_ACTION_REQUIRED,1,0.574,9,986,1,0
2257,net_banking,TRANSIENT,2,0.059,16,902,0,0
2789,credit_card,TRANSIENT,1,0.372,16,1642,1,1
5341,net_banking,HARD_DECLINE,1,0.022,8,525,0,0
1509,net_banking,TRANSIENT,2,0.296,25,1631,0,1
4944,credit_card,TRANSIENT,2,0.155,3,179,0,1
5764,credit_card,HARD_DECLINE,2,0.028,0,1031,1,0
1610,credit_card,HARD_DECLINE,2,0.36,4,391,1,0
2083,upi,SOFT_DECLINE,2,0.946,23,1574,0,1
5637,credit_card,SOFT_DECLINE,2,0.12,13,252,0,0
1480,upi,HARD_DECLINE,1,0.792,2,1123,1,0
1724,debit_card,SOFT_DECLINE,2,0.878,17,345,0,1
1062,debit_card,HARD_DECLINE,2,0.817,21,666,0,0
2581,credit_card,TRANSIENT,1,0.593,11,1076,1,1
1202,net_banking,HARD_DECLINE,1,0.03,0,1926,0,0
6116,upi,CUSTOMER_ACTION_REQUIRED,1,0.586,20,1711,0,0
2632,upi,SOFT_DECLINE,1,0.704,15,1038,0,1
4275,credit_card,HARD_DECLINE,1,0.794,7,99,1,0
669,debit_card,TRANSIENT,1,0.136,9,1148,0,0
5015,debit_card,HARD_DECLINE,1,0.208,14,1245,1,0
1799,debit_card,UNKNOWN,2,0.021,3,316,1,0
1313,debit_card,SOFT_DECLINE,2,0.253,11,1527,1,0
3923,debit_card,TRANSIENT,2,0.814,4,1755,0,1
446,upi,TRANSIENT,1,0.136,21,1951,0,1
1303,credit_card,SOFT_DECLINE,1,0.372,20,1720,1,0
962,upi,HARD_DECLINE,1,0.635,16,1943,0,0
1698,debit_card,UNKNOWN,3,0.427,25,1773,0,0
2355,upi,HARD_DECLINE,1,0.798,19,1460,0,0
2457,net_banking,HARD_DECLINE,1,0.725,23,253,0,0
2077,net_banking,HARD_DECLINE,2,0.439,3,1113,1,0
4712,credit_card,UNKNOWN,3,0.394,21,1902,1,0
3256,net_banking,SOFT_DECLINE,1,0.03,21,596,0,0
2313,debit_card,UNKNOWN,1,0.231,2,1989,1,1
3762,credit_card,TRANSIENT,2,0.131,22,1265,1,0
1760,upi,HARD_DECLINE,2,0.932,22,1970,1,0
4993,debit_card,CUSTOMER_ACTION_REQUIRED,2,0.183,19,460,1,0
314,credit_card,CUSTOMER_ACTION_REQUIRED,1,0.788,22,932,0,1
942,upi,SOFT_DECLINE,1,0.825,11,275,1,1
3980,debit_card,TRANSIENT,2,0.627,22,1098,0,0
4661,debit_card,HARD_DECLINE,2,0.831,6,1821,0,0
5303,credit_card,SOFT_DECLINE,1,0.568,6,164,0,1
2554,upi,HARD_DECLINE,1,0.476,6,1752,1,0
6420,credit_card,CUSTOMER_ACTION_REQUIRED,3,0.889,8,1957,1,0
2620,net_banking,SOFT_DECLINE,2,0.684,14,1401,0,0
4401,net_banking,HARD_DECLINE,1,0.019,19,150,0,0
3238,upi,HARD_DECLINE,1,0.157,24,278,0,0
3244,debit_card,UNKNOWN,2,0.57,24,107,1,0
11297,net_banking,CUSTOMER_ACTION_REQUIRED,3,0.894,16,1507,0,0
1797,debit_card,SOFT_DECLINE,1,0.819,17,1106,0,0
1856,net_banking,CUSTOMER_ACTION_REQUIRED,1,0.067,10,54,1,0
3708,net_banking,SOFT_DECLINE,1,0.546,15,1360,1,0
2681,debit_card,SOFT_DECLINE,1,0.949,0,1233,1,0
1020,credit_card,SOFT_DECLINE,1,0.248,13,1303,1,0
709,debit_card,SOFT_DECLINE,3,0.104,3,619,0,0
3477,wallet,SOFT_DECLINE,2,0.324,1,1426,0,0
6138,credit_card,SOFT_DECLINE,2,0.261,6,1932,1,0
6431,net_banking,CUSTOMER_ACTION_REQUIRED,3,0.715,12,949,1,1
5718,upi,HARD_DECLINE,2,0.695,18,1076,0,0
1615,net_banking,HARD_DECLINE,1,0.075,24,206,1,0
4675,debit_card,UNKNOWN,1,0.429,2,1062,0,1
4365,debit_card,HARD_DECLINE,1,0.072,5,600,0,0
1910,upi,TRANSIENT,1,0.67,16,331,0,1
1099,net_banking,TRANSIENT,1,0.039,20,1236,1,1
2427,net_banking,CUSTOMER_ACTION_REQUIRED,1,0.786,5,914,0,0
7260,credit_card,TRANSIENT,3,0.668,23,355,0,1
2208,debit_card,SOFT_DECLINE,1,0.389,15,408,0,1
3525,credit_card,TRANSIENT,1,0.576,25,1232,1,1
284,credit_card,HARD_DECLINE,2,0.381,0,1218,0,0
6956,net_banking,TRANSIENT,1,0.653,1,1459,0,1
722,credit_card,CUSTOMER_ACTION_REQUIRED,2,0.976,20,860,1,1
2655,debit_card,HARD_DECLINE,2,0.68,14,1803,0,0
99,upi,UNKNOWN,2,0.426,0,1051,1,0
3042,upi,CUSTOMER_ACTION_REQUIRED,3,0.784,23,1240,1,0
5713,debit_card,SOFT_DECLINE,3,0.197,17,926,1,0
3401,net_banking,CUSTOMER_ACTION_REQUIRED,1,0.186,2,1886,0,0
8476,debit_card,SOFT_DECLINE,1,0.325,11,1736,0,0
147,credit_card,SOFT_DECLINE,1,0.17,16,770,0,0
2282,upi,SOFT_DECLINE,2,0.501,5,886,1,1
3897,credit_card,HARD_DECLINE,1,0.87,25,1103,0,0
4435,debit_card,TRANSIENT,2,0.014,22,1713,1,0
2509,upi,TRANSIENT,1,0.923,11,889,0,0
4935,net_banking,TRANSIENT,2,0.11,14,1361,0,0
1465,debit_card,SOFT_DECLINE,1,0.099,21,1706,0,0
2038,debit_card,HARD_DECLINE,2,0.667,14,1569,0,0
724,upi,CUSTOMER_ACTION_REQUIRED,1,0.394,17,752,1,0
6289,debit_card,HARD_DECLINE,2,0.586,9,704,0,0
2184,debit_card,TRANSIENT,1,0.529,18,1173,0,0
6396,credit_card,SOFT_DECLINE,1,0.167,13,187,0,0
374,debit_card,HARD_DECLINE,1,0.784,7,1351,0,0
901,credit_card,SOFT_DECLINE,2,0.14,13,1793,0,0
4289,credit_card,TRANSIENT,1,0.089,22,418,0,0
1568,net_banking,TRANSIENT,2,0.108,3,1670,0,1
790,debit_card,TRANSIENT,1,0.32,4,1456,1,1
2975,debit_card,SOFT_DECLINE,1,0.412,14,1947,1,0
5463,credit_card,UNKNOWN,1,0.546,20,1057,0,0
4213,debit_card,HARD_DECLINE,3,0.955,19,914,0,0
1363,net_banking,UNKNOWN,1,0.885,17,925,0,1
1803,net_banking,HARD_DECLINE,1,0.683,1,1448,1,0
4786,credit_card,HARD_DECLINE,1,0.861,19,657,0,0
661,upi,UNKNOWN,1,0.885,17,611,1,0
5702,credit_card,SOFT_DECLINE,1,0.565,19,1845,0,1
2415,credit_card,CUSTOMER_ACTION_REQUIRED,3,0.817,15,1695,1,0
1465,wallet,HARD_DECLINE,2,0.127,0,414,0,0
6683,net_banking,TRANSIENT,1,0.86,11,1334,1,1
3441,debit_card,SOFT_DECLINE,1,0.986,8,884,0,1
1531,debit_card,TRANSIENT,1,0.632,7,1262,1,1
3499,credit_card,TRANSIENT,1,0.241,17,217,0,1
4229,debit_card,TRANSIENT,1,0.855,24,1109,0,1
4288,credit_card,SOFT_DECLINE,1,0.753,11,130,0,1
4580,upi,HARD_DECLINE,1,0.867,5,1085,1,0
3142,upi,UNKNOWN,1,0.004,25,444,1,0
2462,debit_card,TRANSIENT,2,0.174,21,702,0,1
514,upi,UNKNOWN,1,0.436,10,556,0,1
3244,debit_card,TRANSIENT,3,0.338,9,1171,0,0
967,credit_card,UNKNOWN,1,0.683,18,474,0,0
4689,upi,CUSTOMER_ACTION_REQUIRED,1,0.708,4,1999,1,1
2855,credit_card,HARD_DECLINE,2,0.569,13,352,0,0
7902,upi,SOFT_DECLINE,2,0.504,9,1693,0,1
4202,net_banking,HARD_DECLINE,2,0.865,7,951,0,0
3564,wallet,TRANSIENT,1,0.242,22,1642,0,0
3336,net_banking,UNKNOWN,2,0.421,21,412,0,1
2006,debit_card,UNKNOWN,2,0.673,19,211,1,0
2987,credit_card,CUSTOMER_ACTION_REQUIRED,1,0.251,5,1563,0,0
4742,credit_card,SOFT_DECLINE,1,0.69,22,45,0,0
5429,net_banking,TRANSIENT,1,0.319,14,1071,1,0
2337,net_banking,CUSTOMER_ACTION_REQUIRED,3,0.32,15,247,1,0
3084,upi,TRANSIENT,1,0.9,21,896,1,0
3415,upi,SOFT_DECLINE,1,0.957,14,1841,1,1
4850,credit_card,HARD_DECLINE,3,0.654,7,622,1,0
6160,credit_card,TRANSIENT,1,0.379,20,1645,0,0
6975,debit_card,CUSTOMER_ACTION_REQUIRED,1,0.749,23,441,1,0
1376,debit_card,SOFT_DECLINE,3,0.068,16,780,1,0
1924,debit_card,UNKNOWN,2,0.361,18,866,1,0
901,net_banking,TRANSIENT,3,0.918,7,1474,1,0
1424,upi,TRANSIENT,1,0.14,0,1184,1,0
4219,credit_card,TRANSIENT,1,0.353,18,1328,0,0
430,credit_card,SOFT_DECLINE,1,0.285,13,658,1,1
3248,credit_card,CUSTOMER_ACTION_REQUIRED,1,0.79,4,396,0,1
284,upi,TRANSIENT,1,0.979,6,1271,1,1
6212,credit_card,SOFT_DECLINE,3,0.667,9,1192,0,1
285,debit_card,SOFT_DECLINE,1,0.328,19,141,0,0
4483,upi,UNKNOWN,2,0.752,12,967,0,1
4185,debit_card,UNKNOWN,1,0.392,19,662,0,0
4764,net_banking,UNKNOWN,2,0.565,9,460,0,0
3376,upi,CUSTOMER_ACTION_REQUIRED,1,0.579,10,1642,0,1
2745,credit_card,SOFT_DECLINE,1,0.751,4,461,0,0
4015,upi,SOFT_DECLINE,3,0.718,13,1917,0,0
4575,debit_card,HARD_DECLINE,1,0.682,14,392,1,0
7895,upi,TRANSIENT,1,0.105,11,235,0,1
1880,debit_card,HARD_DECLINE,1,0.98,16,840,1,0
99,upi,SOFT_DECLINE,1,0.98,5,586,0,0
2620,net_banking,UNKNOWN,2,0.68,25,1584,0,0
516,debit_card,SOFT_DECLINE,1,0.087,21,643,1,0
4729,credit_card,UNKNOWN,2,0.869,17,537,0,1
255,credit_card,HARD_DECLINE,2,0.645,25,1910,1,0
3644,upi,HARD_DECLINE,2,0.61,25,34,1,0
5429,net_banking,TRANSIENT,1,0.764,5,93,1,1
3428,debit_card,HARD_DECLINE,1,0.928,7,1696,0,0
2936,upi,HARD_DECLINE,1,0.08,15,123,1,0
3238,debit_card,HARD_DECLINE,1,0.834,5,1304,1,1
1566,credit_card,CUSTOMER_ACTION_REQUIRED,2,0.399,18,1458,0,1
640,credit_card,TRANSIENT,1,0.998,23,192,0,1
3981,wallet,SOFT_DECLINE,3,0.85,16,518,1,0
7093,net_banking,CUSTOMER_ACTION_REQUIRED,1,0.373,2,670,1,0
424,credit_card,SOFT_DECLINE,2,0.69,14,52,1,1
3761,net_banking,UNKNOWN,2,0.053,19,516,0,0
866,net_banking,SOFT_DECLINE,1,0.713,20,263,1,1
1868,upi,TRANSIENT,1,0.375,19,1812,0,1
5623,debit_card,HARD_DECLINE,1,0.711,12,358,0,0
6124,credit_card,TRANSIENT,1,0.099,14,1185,1,1
4143,net_banking,SOFT_DECLINE,1,0.027,23,1581,1,0
8132,net_banking,TRANSIENT,3,0.468,23,1129,0,1
4332,credit_card,HARD_DECLINE,1,0.257,5,915,0,0
3916,credit_card,TRANSIENT,1,0.084,21,1682,0,1
3364,credit_card,HARD_DECLINE,2,0.078,16,605,0,1
2869,debit_card,SOFT_DECLINE,2,0.003,8,1057,1,0
7031,debit_card,SOFT_DECLINE,1,0.436,19,1037,1,1
4663,credit_card,HARD_DECLINE,1,0.45,8,1381,1,1
507,credit_card,UNKNOWN,1,0.903,14,372,0,0
7696,net_banking,SOFT_DECLINE,1,0.187,0,271,0,0
6248,credit_card,TRANSIENT,1,0.193,0,904,0,0
5617,credit_card,SOFT_DECLINE,2,0.04,0,396,1,0
99,upi,TRANSIENT,2,0.475,2,1502,1,1
600,debit_card,SOFT_DECLINE,3,0.858,18,922,0,0
7482,upi,UNKNOWN,2,0.255,1,947,0,0
5827,credit_card,SOFT_DECLINE,2,0.94,17,1376,0,0
3092,credit_card,CUSTOMER_ACTION_REQUIRED,2,0.335,13,1053,0,0
1822,net_banking,SOFT_DECLINE,1,0.338,8,1186,0,1
3682,upi,SOFT_DECLINE,1,0.075,15,1811,0,0
353,net_banking,TRANSIENT,2,0.555,8,1471,0,0
4456,debit_card,SOFT_DECLINE,1,0.862,23,334,1,0
5364,upi,HARD_DECLINE,1,0.268,18,1167,0,0
9221,debit_card,HARD_DECLINE,2,0.876,6,470,0,0
2153,upi,SOFT_DECLINE,1,0.7,8,91,0,0
508,debit_card,HARD_DECLINE,2,0.308,12,616,0,0
4824,credit_card,HARD_DECLINE,1,0.319,24,834,0,0
99,upi,HARD_DECLINE,2,0.405,25,348,0,0
1961,credit_card,UNKNOWN,1,0.312,0,1953,0,1
3678,debit_card,CUSTOMER_ACTION_REQUIRED,1,0.262,4,218,0,0
4864,upi,SOFT_DECLINE,1,0.972,13,463,0,0
4247,debit_card,SOFT_DECLINE,1,0.283,8,775,0,0
1925,net_banking,HARD_DECLINE,3,0.203,9,1942,1,0
1150,credit_card,SOFT_DECLINE,1,0.478,9,371,0,1
2044,upi,HARD_DECLINE,1,0.625,9,805,1,1
8309,credit_card,SOFT_DECLINE,1,0.752,20,1280,1,1
7463,credit_card,SOFT_DECLINE,1,0.501,14,385,1,0
789,upi,SOFT_DECLINE,1,0.765,18,1692,1,1
877,debit_card,TRANSIENT,2,0.261,20,184,0,1
4678,net_banking,SOFT_DECLINE,1,0.34,14,1694,0,1
6422,credit_card,SOFT_DECLINE,1,0.724,2,317,1,0
540,credit_card,CUSTOMER_ACTION_REQUIRED,2,0.384,5,661,1,1
3483,credit_card,CUSTOMER_ACTION_REQUIRED,1,0.416,13,891,0,0
4217,credit_card,TRANSIENT,1,0.75,9,1273,1,1
132,upi,HARD_DECLINE,1,0.491,22,1317,1,0
2893,net_banking,SOFT_DECLINE,1,0.102,5,682,1,0
4038,debit_card,TRANSIENT,1,0.254,1,413,0,1
1264,net_banking,HARD_DECLINE,3,0.511,7,1338,1,0
1872,debit_card,TRANSIENT,1,0.748,19,1152,1,1
3279,upi,CUSTOMER_ACTION_REQUIRED,2,0.752,14,1064,0,0
456,upi,UNKNOWN,1,0.278,8,309,1,1
4892,net_banking,SOFT_DECLINE,1,0.423,22,754,0,1
6420,net_banking,HARD_DECLINE,2,0.709,19,589,0,0
7225,debit_card,SOFT_DECLINE,2,0.609,5,1244,1,1
261,upi,SOFT_DECLINE,2,0.601,17,1767,0,0
2784,debit_card,SOFT_DECLINE,1,0.218,8,1524,0,1
1874,credit_card,TRANSIENT,2,0.57,7,728,0,1
1050,credit_card,TRANSIENT,1,0.633,12,901,0,0
5494,debit_card,SOFT_DECLINE,2,0.907,12,65,0,0
5758,credit_card,TRANSIENT,1,0.165,4,807,1,0
4031,debit_card,CUSTOMER_ACTION_REQUIRED,2,0.131,8,737,0,1
1524,upi,SOFT_DECLINE,1,0.336,25,596,0,0
1364,upi,SOFT_DECLINE,1,0.038,14,1510,0,0
652,upi,UNKNOWN,1,0.86,17,1693,0,0
7773,upi,HARD_DECLINE,1,0.17,10,1951,0,0
99,debit_card,SOFT_DECLINE,1,0.492,10,1612,1,1
1035,upi,SOFT_DECLINE,3,0.621,18,1434,0,0
3572,credit_card,SOFT_DECLINE,1,0.873,18,1292,1,1
549,debit_card,TRANSIENT,1,0.438,1,1177,1,1
3959,credit_card,HARD_DECLINE,1,0.32,10,483,0,0
4007,wallet,TRANSIENT,2,0.608,15,798,0,1
1471,debit_card,HARD_DECLINE,2,0.022,1,1076,0,1
6702,credit_card,HARD_DECLINE,2,0.076,16,1256,0,0
147,debit_card,SOFT_DECLINE,3,0.893,6,1379,1,0
1372,upi,SOFT_DECLINE,2,0.481,25,1841,0,1
2716,wallet,TRANSIENT,1,0.815,9,606,1,1
749,upi,TRANSIENT,2,0.054,5,1416,1,0
5637,credit_card,TRANSIENT,2,0.684,2,94,0,0
1339,wallet,SOFT_DECLINE,3,0.499,14,1633,0,0
922,upi,SOFT_DECLINE,1,0.331,1,456,1,0
3587,debit_card,TRANSIENT,2,0.25,11,1610,0,1
679,credit_card,CUSTOMER_ACTION_REQUIRED,1,0.235,1,1130,0,0
700,credit_card,TRANSIENT,2,0.879,6,777,0,0
1356,upi,SOFT_DECLINE,1,0.023,12,542,1,1
6803,credit_card,HARD_DECLINE,1,0.717,10,1324,0,0
1552,net_banking,SOFT_DECLINE,3,0.904,13,1994,1,0
3205,credit_card,HARD_DECLINE,1,0.697,18,958,1,0
1671,debit_card,SOFT_DECLINE,1,0.168,1,352,1,0
5521,debit_card,UNKNOWN,1,0.462,3,359,0,1
1932,wallet,SOFT_DECLINE,1,0.89,22,1237,0,1
1070,wallet,HARD_DECLINE,1,0.725,19,1222,1,0
4483,debit_card,HARD_DECLINE,1,0.299,8,1601,1,0
341,credit_card,HARD_DECLINE,1,0.37,9,1817,1,0
616,debit_card,CUSTOMER_ACTION_REQUIRED,1,0.891,25,171,0,0
3067,upi,SOFT_DECLINE,2,0.125,21,646,0,0
3056,upi,HARD_DECLINE,1,0.642,10,1880,1,1
376,credit_card,SOFT_DECLINE,2,0.31,2,975,0,0
2393,debit_card,CUSTOMER_ACTION_REQUIRED,1,0.248,13,230,1,0
7837,upi,HARD_DECLINE,1,0.685,2,819,0,0
964,credit_card,SOFT_DECLINE,2,0.712,21,1819,1,1
5982,debit_card,HARD_DECLINE,2,0.502,2,1994,0,1
3876,debit_card,CUSTOMER_ACTION_REQUIRED,1,0.468,22,695,0,0
2624,net_banking,SOFT_DECLINE,1,0.986,9,118,0,1
2647,debit_card,HARD_DECLINE,1,0.37,3,1454,0,0
3232,credit_card,TRANSIENT,1,0.984,5,299,1,1
990,credit_card,TRANSIENT,1,0.082,4,1343,0,0
4560,upi,SOFT_DECLINE,1,0.84,22,1826,0,0
3068,debit_card,SOFT_DECLINE,2,0.408,6,204,0,0
99,credit_card,TRANSIENT,2,0.26,6,826,0,0
4580,upi,TRANSIENT,1,0.133,0,1957,1,1
735,net_banking,SOFT_DECLINE,2,0.111,12,447,0,0
4211,net_banking,TRANSIENT,3,0.652,16,773,0,1
1577,debit_card,SOFT_DECLINE,1,0.193,13,416,1,0
607,debit_card,HARD_DECLINE,2,0.166,19,1096,1,1
3698,net_banking,HARD_DECLINE,2,0.71,6,1781,0,0
1905,upi,TRANSIENT,2,0.305,22,810,1,0
5841,upi,TRANSIENT,2,0.839,2,267,0,0
4582,wallet,TRANSIENT,2,0.429,21,1470,0,1
316,debit_card,HARD_DECLINE,1,0.067,10,439,0,0
7792,upi,CUSTOMER_ACTION_REQUIRED,1,0.079,15,1658,0,0
6208,debit_card,TRANSIENT,1,0.229,20,1504,0,1
3060,credit_card,TRANSIENT,2,0.582,8,718,1,1
5584,upi,HARD_DECLINE,2,0.668,19,599,0,1
853,debit_card,TRANSIENT,2,0.108,6,348,0,0
6157,upi,TRANSIENT,3,0.33,14,1730,1,0
3397,net_banking,TRANSIENT,1,0.501,17,156,0,1
1148,upi,HARD_DECLINE,1,0.284,19,628,0,0
1953,credit_card,SOFT_DECLINE,1,0.503,5,1892,1,0
3164,credit_card,SOFT_DECLINE,1,0.497,8,1206,1,1
1448,net_banking,TRANSIENT,1,0.902,5,1993,1,0
4746,credit_card,HARD_DECLINE,1,0.328,8,1480,0,0
4449,net_banking,TRANSIENT,2,0.58,9,418,0,0
4563,net_banking,SOFT_DECLINE,1,0.834,13,1798,0,0
4279,debit_card,TRANSIENT,1,0.777,1,1478,0,0
1097,upi,HARD_DECLINE,2,0.745,16,414,1,0
3509,wallet,HARD_DECLINE,3,0.591,6,815,0,0
674,credit_card,HARD_DECLINE,1,0.46,13,814,1,0
2195,debit_card,HARD_DECLINE,1,0.936,4,31,0,1
200,credit_card,CUSTOMER_ACTION_REQUIRED,2,0.215,17,235,0,0
1384,upi,HARD_DECLINE,1,0.22,5,1963,1,0
5167,upi,TRANSIENT,1,0.987,12,770,0,1
2238,upi,HARD_DECLINE,2,0.326,25,617,0,0
819,debit_card,HARD_DECLINE,1,0.261,14,442,0,1
473,upi,SOFT_DECLINE,1,0.988,17,1368,0,0
785,upi,TRANSIENT,2,0.517,16,908,0,1
8426,credit_card,TRANSIENT,2,0.422,13,291,1,0
6664,net_banking,HARD_DECLINE,2,0.564,16,135,1,0
4686,debit_card,HARD_DECLINE,1,0.733,1,82,1,0
99,net_banking,TRANSIENT,1,0.21,16,1951,1,1
251,upi,CUSTOMER_ACTION_REQUIRED,1,0.845,24,1202,1,0
99,upi,UNKNOWN,1,0.211,18,1117,1,0
4039,debit_card,SOFT_DECLINE,1,0.294,21,1139,0,0
4313,debit_card,HARD_DECLINE,1,0.087,18,1373,1,0
5076,net_banking,HARD_DECLINE,2,0.283,5,672,0,0
3188,upi,HARD_DECLINE,2,0.228,24,315,1,0
1794,debit_card,SOFT_DECLINE,1,0.633,5,1753,0,0
3969,wallet,SOFT_DECLINE,1,0.202,9,64,0,0
3557,debit_card,CUSTOMER_ACTION_REQUIRED,1,0.7,6,73,0,0
5723,credit_card,SOFT_DECLINE,2,0.665,20,1306,0,0
3024,credit_card,HARD_DECLINE,1,0.004,3,743,0,0
1137,credit_card,HARD_DECLINE,1,0.867,2,1694,0,0
721,net_banking,SOFT_DECLINE,1,0.137,22,1632,0,0
4527,credit_card,HARD_DECLINE,1,0.228,4,1116,0,0
5893,debit_card,SOFT_DECLINE,2,0.186,21,1742,1,0
3618,debit_card,SOFT_DECLINE,1,0.595,20,377,1,0
1140,credit_card,HARD_DECLINE,1,0.189,12,607,0,0
6728,upi,UNKNOWN,1,0.745,10,498,0,0
5068,upi,SOFT_DECLINE,2,0.824,17,329,0,0
2639,upi,HARD_DECLINE,3,0.573,1,1478,1,0
3973,upi,UNKNOWN,2,0.476,7,1642,1,0
3735,debit_card,TRANSIENT,1,0.42,1,1359,0,0
3503,net_banking,HARD_DECLINE,1,0.504,6,168,0,0
1671,upi,SOFT_DECLINE,1,0.485,16,1981,0,1
4966,upi,HARD_DECLINE,2,0.854,24,1136,0,0
1570,net_banking,HARD_DECLINE,1,0.769,14,139,1,0
99,debit_card,CUSTOMER_ACTION_REQUIRED,3,0.133,6,1126,0,0
3566,credit_card,TRANSIENT,1,0.677,4,980,1,1
3568,upi,SOFT_DECLINE,2,0.909,12,1217,0,0
921,debit_card,SOFT_DECLINE,2,0.953,6,1325,0,1
2417,upi,HARD_DECLINE,1,0.87,5,876,0,0
6151,net_banking,CUSTOMER_ACTION_REQUIRED,2,0.155,23,1201,0,1
6550,wallet,HARD_DECLINE,1,0.754,0,1805,0,0
1414,debit_card,SOFT_DECLINE,2,0.251,23,224,0,0
4905,credit_card,SOFT_DECLINE,1,0.898,7,205,1,1
130,debit_card,CUSTOMER_ACTION_REQUIRED,1,0.203,5,1064,1,0
1366,debit_card,SOFT_DECLINE,1,0.813,17,1978,0,0
1607,upi,SOFT_DECLINE,1,0.437,4,219,1,0
1238,credit_card,HARD_DECLINE,1,0.536,12,628,0,0
5405,credit_card,SOFT_DECLINE,2,0.824,17,388,1,0
4492,debit_card,CUSTOMER_ACTION_REQUIRED,2,0.289,14,1940,0,0
6027,debit_card,TRANSIENT,1,0.852,9,823,1,1
5468,wallet,HARD_DECLINE,1,0.207,12,668,0,0
6500,upi,CUSTOMER_ACTION_REQUIRED,2,0.281,2,1323,1,0
1691,net_banking,TRANSIENT,2,0.229,3,155,0,0
1767,credit_card,SOFT_DECLINE,1,0.179,24,324,0,0
3002,credit_card,SOFT_DECLINE,1,0.615,12,341,1,0
99,net_banking,TRANSIENT,2,0.511,16,904,1,1
6533,debit_card,UNKNOWN,1,0.866,0,636,0,1
3996,credit_card,TRANSIENT,2,0.199,20,1308,1,0
4641,net_banking,SOFT_DECLINE,3,0.416,20,1036,0,0
1830,net_banking,UNKNOWN,1,0.828,2,911,1,0
6439,credit_card,CUSTOMER_ACTION_REQUIRED,1,0.347,23,550,0,1
397,credit_card,TRANSIENT,3,0.687,24,381,0,0
5274,upi,TRANSIENT,3,0.03,13,918,0,0
3368,net_banking,SOFT_DECLINE,2,0.776,15,1594,1,0
2916,debit_card,HARD_DECLINE,1,0.8,17,1453,1,0
2080,credit_card,HARD_DECLINE,2,0.18,21,1874,0,0
5249,credit_card,HARD_DECLINE,1,0.111,14,1817,0,1
1984,credit_card,UNKNOWN,2,0.166,1,1772,1,1
5735,wallet,HARD_DECLINE,2,0.232,19,634,1,0
6136,upi,UNKNOWN,1,0.742,5,1026,1,0
248,wallet,TRANSIENT,1,0.047,21,1749,1,0
1887,credit_card,SOFT_DECLINE,1,0.266,23,1181,0,0
5536,credit_card,TRANSIENT,1,0.096,17,872,0,0
3423,credit_card,HARD_DECLINE,1,0.02,1,1574,0,0
5607,debit_card,SOFT_DECLINE,2,0.118,4,1896,1,0
5044,upi,TRANSIENT,1,0.289,15,1202,0,0
1106,debit_card,HARD_DECLINE,2,0.03,22,554,0,0
3185,upi,CUSTOMER_ACTION_REQUIRED,3,0.53,10,1410,0,0
928,upi,SOFT_DECLINE,3,0.442,7,836,0,1
1517,net_banking,SOFT_DECLINE,1,0.104,0,1173,1,1
1554,upi,SOFT_DECLINE,2,0.133,17,1419,0,0
2990,credit_card,TRANSIENT,1,0.365,12,67,1,0
1757,debit_card,HARD_DECLINE,3,0.419,9,1969,0,1
3481,credit_card,HARD_DECLINE,1,0.47,2,971,1,0
1477,credit_card,HARD_DECLINE,2,0.157,16,501,0,0
5456,upi,TRANSIENT,3,0.24,11,307,0,0
760,debit_card,SOFT_DECLINE,1,0.806,14,1831,1,0
2465,credit_card,TRANSIENT,2,0.602,23,653,0,1
4862,credit_card,HARD_DECLINE,1,0.275,18,1981,0,0
1001,debit_card,SOFT_DECLINE,2,0.365,25,827,0,0
2141,debit_card,SOFT_DECLINE,3,0.663,24,1437,1,0
2293,net_banking,TRANSIENT,1,0.849,18,227,0,1
5893,credit_card,HARD_DECLINE,3,0.314,19,1338,1,0
5378,upi,SOFT_DECLINE,1,0.104,21,1059,0,0
1843,net_banking,HARD_DECLINE,3,0.588,12,685,0,0
641,debit_card,SOFT_DECLINE,1,0.032,17,1789,1,0
4103,debit_card,CUSTOMER_ACTION_REQUIRED,1,0.328,15,1451,1,0
2506,credit_card,HARD_DECLINE,2,0.84,5,1769,0,0
574,debit_card,HARD_DECLINE,1,0.955,18,161,0,0
5681,credit_card,HARD_DECLINE,2,0.348,17,1624,1,0
2451,credit_card,SOFT_DECLINE,1,0.416,3,1114,1,0
1057,credit_card,UNKNOWN,2,0.435,19,1739,1,0
2999,credit_card,UNKNOWN,1,0.734,1,1636,0,0
2831,upi,TRANSIENT,3,0.051,13,669,0,1
4393,upi,HARD_DECLINE,2,0.176,17,1060,0,0
5162,credit_card,HARD_DECLINE,3,0.743,8,1235,0,0
3809,credit_card,HARD_DECLINE,2,0.92,15,1442,1,0
2067,net_banking,HARD_DECLINE,3,0.445,11,1071,0,0
992,wallet,HARD_DECLINE,3,0.484,2,1894,1,0
493,upi,TRANSIENT,2,0.355,22,1238,1,0
1462,debit_card,CUSTOMER_ACTION_REQUIRED,1,0.768,3,1003,1,1
2410,credit_card,TRANSIENT,3,0.35,25,150,1,1
672,debit_card,CUSTOMER_ACTION_REQUIRED,1,0.48,0,926,1,1
4762,wallet,SOFT_DECLINE,2,0.469,14,910,1,0
3108,net_banking,TRANSIENT,2,0.157,23,1274,0,0
1436,debit_card,TRANSIENT,1,0.908,13,975,0,0
6996,net_banking,TRANSIENT,1,0.951,12,1341,0,1
3884,debit_card,TRANSIENT,3,0.273,15,288,1,1
5988,net_banking,SOFT_DECLINE,3,0.045,6,922,0,0
2789,debit_card,CUSTOMER_ACTION_REQUIRED,2,0.351,21,1695,1,0
2446,credit_card,TRANSIENT,1,0.865,4,1653,0,1
2367,debit_card,CUSTOMER_ACTION_REQUIRED,1,0.406,10,616,0,0
6689,credit_card,HARD_DECLINE,1,0.862,18,598,1,0
8560,wallet,TRANSIENT,2,0.913,14,1156,0,1
3624,credit_card,CUSTOMER_ACTION_REQUIRED,1,0.224,3,487,0,0
2868,upi,CUSTOMER_ACTION_REQUIRED,3,0.56,9,760,1,0
3367,debit_card,SOFT_DECLINE,2,0.666,15,47,0,0
3070,debit_card,HARD_DECLINE,1,0.532,25,576,1,1
1075,net_banking,TRANSIENT,3,0.546,13,1373,1,0
531,upi,HARD_DECLINE,2,0.247,13,81,1,0
1085,debit_card,SOFT_DECLINE,2,0.587,24,944,0,0
5138,credit_card,CUSTOMER_ACTION_REQUIRED,2,0.25,10,476,1,0
3181,credit_card,SOFT_DECLINE,2,0.53,0,1400,1,0
1107,credit_card,SOFT_DECLINE,1,0.269,24,212,0,0
1277,credit_card,TRANSIENT,2,0.248,25,319,1,0
2290,net_banking,SOFT_DECLINE,1,0.741,16,224,0,1
4970,upi,SOFT_DECLINE,1,0.558,8,119,0,0
6471,upi,CUSTOMER_ACTION_REQUIRED,1,0.768,9,1164,0,0
6351,net_banking,HARD_DECLINE,2,0.515,15,1574,0,0
99,debit_card,HARD_DECLINE,1,0.515,25,1243,0,1
140,net_banking,CUSTOMER_ACTION_REQUIRED,1,0.193,9,1488,0,0
2844,net_banking,TRANSIENT,1,0.722,1,724,0,0
1626,wallet,TRANSIENT,1,0.802,18,107,0,0
2468,wallet,HARD_DECLINE,1,0.702,18,651,0,0
7391,credit_card,UNKNOWN,3,0.963,13,1618,1,0
312,upi,TRANSIENT,2,0.566,6,842,0,1
198,credit_card,CUSTOMER_ACTION_REQUIRED,2,0.585,22,1513,1,1
2813,credit_card,TRANSIENT,1,0.0,7,191,0,1
1869,debit_card,SOFT_DECLINE,3,0.12,13,830,0,0
303,upi,CUSTOMER_ACTION_REQUIRED,1,0.285,18,1307,1,1
1865,debit_card,TRANSIENT,2,0.398,11,110,0,1
759,net_banking,HARD_DECLINE,2,0.19,4,1604,1,0
2464,credit_card,SOFT_DECLINE,3,0.917,12,551,1,1
6995,credit_card,TRANSIENT,2,0.364,24,773,0,1
5200,debit_card,SOFT_DECLINE,1,0.577,9,1841,0,0
3184,upi,SOFT_DECLINE,3,0.84,21,1338,0,0
4086,net_banking,HARD_DECLINE,1,0.383,12,1285,1,0
4085,debit_card,CUSTOMER_ACTION_REQUIRED,1,0.458,22,364,1,0
1221,net_banking,TRANSIENT,1,0.532,19,1544,0,0
3339,debit_card,SOFT_DECLINE,3,0.835,23,1625,0,1
3790,net_banking,UNKNOWN,1,0.088,14,1048,1,0
1915,upi,SOFT_DECLINE,1,0.914,4,1563,0,0
3624,debit_card,SOFT_DECLINE,1,0.994,20,607,0,0
654,credit_card,TRANSIENT,3,0.736,3,1723,0,0
5212,wallet,HARD_DECLINE,2,0.422,15,1995,0,0
211,credit_card,HARD_DECLINE,1,0.927,2,1385,0,0
3054,debit_card,HARD_DECLINE,1,0.394,25,203,0,0
5809,upi,HARD_DECLINE,2,0.644,6,1804,0,0
1994,debit_card,TRANSIENT,1,0.264,11,1842,0,0
235,debit_card,HARD_DECLINE,1,0.446,10,128,1,1
2382,debit_card,CUSTOMER_ACTION_REQUIRED,3,0.282,9,914,0,0
3917,debit_card,SOFT_DECLINE,1,0.396,24,1124,0,0
3887,credit_card,CUSTOMER_ACTION_REQUIRED,2,0.285,10,1873,0,0
1117,upi,HARD_DECLINE,1,0.503,19,667,0,0
7490,upi,CUSTOMER_ACTION_REQUIRED,2,0.178,10,524,1,0
1608,wallet,TRANSIENT,1,0.407,13,1489,0,0
2934,credit_card,HARD_DECLINE,1,0.665,2,1094,0,0
287,credit_card,HARD_DECLINE,1,0.92,7,1811,0,0
6287,upi,SOFT_DECLINE,2,0.065,22,1177,1,0
2545,upi,TRANSIENT,3,0.052,19,605,0,0
1648,credit_card,HARD_DECLINE,2,0.379,11,628,0,0
360,debit_card,HARD_DECLINE,1,0.086,15,1164,0,0
6827,credit_card,CUSTOMER_ACTION_REQUIRED,1,0.789,3,1550,1,0
4085,debit_card,SOFT_DECLINE,1,0.182,2,689,0,0
3456,net_banking,TRANSIENT,1,0.398,3,1325,0,0
1206,upi,CUSTOMER_ACTION_REQUIRED,1,0.713,20,1955,0,0
1443,credit_card,CUSTOMER_ACTION_REQUIRED,2,0.641,23,1447,0,0
582,upi,SOFT_DECLINE,2,0.816,6,1777,1,0
1020,credit_card,TRANSIENT,1,0.653,8,451,0,1
3905,debit_card,TRANSIENT,1,0.447,15,1049,0,1
606,net_banking,HARD_DECLINE,1,0.854,10,128,1,1
6060,upi,SOFT_DECLINE,1,0.092,0,993,0,1
3414,upi,CUSTOMER_ACTION_REQUIRED,2,0.085,21,1210,0,0
2544,debit_card,SOFT_DECLINE,2,0.979,19,1592,0,0
6335,upi,SOFT_DECLINE,1,0.751,5,623,0,1
509,upi,SOFT_DECLINE,1,0.99,1,476,1,0
5091,wallet,SOFT_DECLINE,1,0.362,17,942,0,0
1801,debit_card,SOFT_DECLINE,1,0.97,24,221,0,0
1791,upi,TRANSIENT,1,0.386,23,880,0,0
1281,upi,TRANSIENT,1,0.609,20,1645,0,0
3328,credit_card,HARD_DECLINE,2,0.917,10,837,0,0
515,upi,HARD_DECLINE,1,0.064,19,1743,1,0
5316,wallet,SOFT_DECLINE,1,0.711,3,1653,0,1
3945,credit_card,TRANSIENT,1,0.462,23,1996,0,0
4007,debit_card,TRANSIENT,1,0.654,24,1798,0,1
2356,upi,UNKNOWN,2,0.994,20,534,0,0
6225,net_banking,TRANSIENT,1,0.581,17,833,0,1
221,debit_card,TRANSIENT,1,0.585,24,105,0,0
179,net_banking,HARD_DECLINE,3,0.326,22,1154,1,0
5832,credit_card,SOFT_DECLINE,1,0.247,24,1454,0,1
4555,debit_card,TRANSIENT,1,0.157,7,919,0,0
7324,debit_card,SOFT_DECLINE,1,0.693,23,1274,0,0
180,upi,TRANSIENT,1,0.414,2,998,0,0
5840,upi,SOFT_DECLINE,1,0.22,11,770,0,0
10360,debit_card,SOFT_DECLINE,1,0.006,21,339,0,0
4205,credit_card,CUSTOMER_ACTION_REQUIRED,3,0.797,11,1976,1,0
733,debit_card,SOFT_DECLINE,1,0.905,20,869,1,0
6753,upi,SOFT_DECLINE,2,0.499,13,597,0,0
1845,credit_card,SOFT_DECLINE,1,0.965,17,1973,0,0
2854,credit_card,SOFT_DECLINE,1,0.316,23,665,0,0
2360,upi,HARD_DECLINE,1,0.53,3,33,0,0
4030,net_banking,CUSTOMER_ACTION_REQUIRED,1,0.492,8,549,0,1
3433,debit_card,TRANSIENT,1,0.194,12,1639,0,1
120,net_banking,SOFT_DECLINE,1,0.817,14,596,0,1
1391,wallet,TRANSIENT,1,0.865,22,911,0,1
687,net_banking,TRANSIENT,1,0.181,15,624,1,0
2145,credit_card,SOFT_DECLINE,1,0.6,0,684,0,1
5036,upi,SOFT_DECLINE,1,0.478,20,1184,0,0
1170,net_banking,SOFT_DECLINE,3,0.378,18,1120,0,0
3151,upi,HARD_DECLINE,1,0.751,15,1505,1,0
716,debit_card,TRANSIENT,1,0.299,23,1249,0,1
2583,debit_card,HARD_DECLINE,1,0.113,20,1283,0,0
996,upi,SOFT_DECLINE,3,0.243,18,685,1,0
1526,debit_card,SOFT_DECLINE,1,0.64,2,320,1,1
3794,debit_card,SOFT_DECLINE,2,0.621,17,1578,0,0
2441,debit_card,SOFT_DECLINE,2,0.538,7,289,0,0
4925,upi,TRANSIENT,1,0.287,23,262,0,1
1912,credit_card,HARD_DECLINE,1,0.567,18,488,1,0
234,credit_card,SOFT_DECLINE,1,0.135,19,509,1,0
1222,wallet,TRANSIENT,1,0.237,11,1826,0,0
875,net_banking,SOFT_DECLINE,1,0.542,18,840,0,1
8015,upi,TRANSIENT,1,0.916,16,1033,0,0
1164,debit_card,SOFT_DECLINE,2,0.787,6,982,0,0
417,net_banking,TRANSIENT,1,0.581,16,1514,1,1
245,credit_card,SOFT_DECLINE,1,0.81,10,52,0,0
3009,credit_card,HARD_DECLINE,3,0.662,14,1472,1,0
2139,net_banking,UNKNOWN,2,0.686,0,1932,0,0
3589,net_banking,TRANSIENT,1,0.148,16,354,1,1
1045,upi,TRANSIENT,1,0.121,14,935,1,0
593,wallet,CUSTOMER_ACTION_REQUIRED,3,0.442,8,1671,0,0
4805,upi,HARD_DECLINE,2,0.982,21,1055,1,0
390,upi,HARD_DECLINE,2,0.806,11,430,0,0
2007,credit_card,HARD_DECLINE,3,0.033,14,1547,0,1
2317,credit_card,TRANSIENT,1,0.606,14,402,1,1
3131,debit_card,TRANSIENT,1,0.931,15,1801,0,0
5730,upi,TRANSIENT,2,0.771,3,621,0,0
183,credit_card,TRANSIENT,1,0.886,22,423,0,0
3479,debit_card,SOFT_DECLINE,1,0.559,21,1916,0,0
1722,net_banking,SOFT_DECLINE,1,0.199,12,901,1,0
2871,debit_card,UNKNOWN,1,0.934,18,758,0,1
1848,upi,CUSTOMER_ACTION_REQUIRED,1,0.745,20,1400,0,0
7414,debit_card,HARD_DECLINE,1,0.039,10,1439,0,0
2454,upi,HARD_DECLINE,1,0.32,10,1112,0,0
2829,credit_card,SOFT_DECLINE,1,0.473,4,125,0,1
2457,credit_card,UNKNOWN,2,0.735,24,650,0,1
5340,debit_card,SOFT_DECLINE,1,0.767,3,206,1,1
3244,debit_card,SOFT_DECLINE,2,0.44,20,759,1,1
5031,debit_card,CUSTOMER_ACTION_REQUIRED,1,0.949,17,1232,1,0
416,net_banking,TRANSIENT,3,0.384,19,1647,1,0
1374,debit_card,SOFT_DECLINE,2,0.896,16,1966,1,0
651,debit_card,HARD_DECLINE,1,0.871,9,773,1,0
2028,debit_card,HARD_DECLINE,1,0.221,11,162,0,0
2759,upi,CUSTOMER_ACTION_REQUIRED,2,0.613,22,863,0,0
6599,upi,HARD_DECLINE,2,0.26,6,1241,0,0
5801,upi,TRANSIENT,2,0.544,23,884,0,1
126,debit_card,SOFT_DECLINE,2,0.376,23,926,1,0
2581,credit_card,UNKNOWN,1,0.969,12,862,0,0
3005,net_banking,TRANSIENT,1,0.627,9,807,0,0
4534,debit_card,SOFT_DECLINE,1,0.409,4,787,0,1
4131,credit_card,CUSTOMER_ACTION_REQUIRED,1,0.441,18,1055,0,1
6108,upi,CUSTOMER_ACTION_REQUIRED,3,0.792,20,1226,0,0
1860,upi,SOFT_DECLINE,2,0.648,19,1634,0,0
3228,credit_card,TRANSIENT,1,0.424,8,383,0,0
1305,net_banking,TRANSIENT,2,0.448,13,711,1,1
1150,debit_card,HARD_DECLINE,1,0.66,23,1326,1,0
3868,upi,SOFT_DECLINE,2,0.369,2,1381,0,0
7198,net_banking,CUSTOMER_ACTION_REQUIRED,1,0.254,16,1023,0,1
1089,net_banking,HARD_DECLINE,2,0.444,19,833,0,0
434,credit_card,SOFT_DECLINE,2,0.486,21,1414,1,0
3402,net_banking,CUSTOMER_ACTION_REQUIRED,1,0.17,22,283,1,0
601,debit_card,TRANSIENT,1,0.945,23,342,0,1
5103,credit_card,SOFT_DECLINE,2,0.345,0,1208,0,0
2106,wallet,TRANSIENT,1,0.007,12,1878,0,0
4052,credit_card,SOFT_DECLINE,2,0.923,22,57,0,0
1657,credit_card,TRANSIENT,1,0.618,15,1114,0,0
6595,debit_card,TRANSIENT,1,0.247,4,1828,0,1
1669,debit_card,CUSTOMER_ACTION_REQUIRED,1,0.507,16,1791,1,0
7995,debit_card,SOFT_DECLINE,3,0.64,14,1571,1,0
1716,credit_card,UNKNOWN,1,0.417,11,1334,0,1
1976,upi,CUSTOMER_ACTION_REQUIRED,2,0.409,8,1482,0,0
3455,upi,TRANSIENT,2,0.646,6,1593,1,1
6589,net_banking,SOFT_DECLINE,2,0.206,3,1020,0,1
3999,credit_card,TRANSIENT,1,0.2,20,683,0,0
6642,credit_card,CUSTOMER_ACTION_REQUIRED,1,0.398,8,1137,0,1
6435,debit_card,SOFT_DECLINE,1,0.529,22,1540,0,0
718,credit_card,SOFT_DECLINE,1,0.276,21,1861,1,0
3112,debit_card,CUSTOMER_ACTION_REQUIRED,2,0.58,2,74,0,0
7548,debit_card,TRANSIENT,1,0.716,11,152,1,1
393,net_banking,TRANSIENT,1,0.952,17,1338,0,1
734,debit_card,UNKNOWN,2,0.55,22,329,0,0
3489,credit_card,UNKNOWN,1,0.416,2,153,0,1
1192,debit_card,SOFT_DECLINE,2,0.582,20,66,0,0
161,credit_card,CUSTOMER_ACTION_REQUIRED,2,0.184,13,1117,0,0
1647,debit_card,TRANSIENT,1,0.093,12,1171,0,0
1325,credit_card,TRANSIENT,3,0.054,21,958,1,0
3632,credit_card,TRANSIENT,2,0.603,4,83,0,1
4971,upi,HARD_DECLINE,1,0.632,20,1946,1,0
6998,net_banking,CUSTOMER_ACTION_REQUIRED,1,0.523,17,1756,0,1
2137,debit_card,TRANSIENT,3,0.153,25,1722,1,1
1920,upi,SOFT_DECLINE,3,0.328,1,259,1,0
8033,upi,HARD_DECLINE,1,0.883,9,510,0,0
1389,debit_card,SOFT_DECLINE,2,0.455,1,147,0,0
7158,credit_card,CUSTOMER_ACTION_REQUIRED,1,0.411,19,1741,0,0
2536,wallet,SOFT_DECLINE,2,0.648,8,1733,0,0
7098,debit_card,SOFT_DECLINE,2,0.969,19,1220,1,1
3351,credit_card,SOFT_DECLINE,2,0.078,7,1598,0,0
3303,credit_card,SOFT_DECLINE,2,0.673,18,891,1,1
4167,debit_card,TRANSIENT,1,0.618,6,1916,0,1
3775,net_banking,TRANSIENT,3,0.055,18,454,1,0
4337,upi,SOFT_DECLINE,1,0.937,7,269,0,1
3114,wallet,CUSTOMER_ACTION_REQUIRED,1,0.691,3,1263,0,0
3291,upi,SOFT_DECLINE,1,0.762,19,1393,0,1
2933,upi,HARD_DECLINE,2,0.814,13,1609,0,0
2741,credit_card,HARD_DECLINE,1,0.226,19,785,1,0
5807,credit_card,TRANSIENT,1,0.705,25,1931,0,0
5305,wallet,SOFT_DECLINE,1,0.414,23,897,1,1
5004,credit_card,TRANSIENT,1,0.664,18,119,0,1
1201,credit_card,SOFT_DECLINE,2,0.864,19,1934,0,0
1556,upi,HARD_DECLINE,1,0.527,16,1308,0,0
5042,net_banking,SOFT_DECLINE,1,0.816,17,1795,1,1
3703,net_banking,TRANSIENT,1,0.263,5,629,0,1
3606,net_banking,UNKNOWN,3,0.44,2,1904,0,0
7120,upi,TRANSIENT,1,0.573,0,1427,0,1
167,net_banking,SOFT_DECLINE,2,0.543,15,1546,0,1
4082,credit_card,TRANSIENT,1,0.883,2,975,1,1
2866,credit_card,HARD_DECLINE,1,0.126,6,1120,1,1
1380,upi,UNKNOWN,1,0.244,10,992,0,0
771,credit_card,CUSTOMER_ACTION_REQUIRED,1,0.57,21,1616,0,0
4727,credit_card,CUSTOMER_ACTION_REQUIRED,1,0.894,14,1162,0,1
4837,credit_card,SOFT_DECLINE,2,0.206,24,1440,1,0
3985,net_banking,HARD_DECLINE,3,0.317,9,1379,0,0
1362,upi,SOFT_DECLINE,1,0.229,1,1349,0,0
3756,upi,SOFT_DECLINE,1,0.4,7,1091,0,0
490,credit_card,CUSTOMER_ACTION_REQUIRED,2,0.613,7,601,0,0
3046,credit_card,SOFT_DECLINE,1,0.188,7,231,0,0
945,upi,SOFT_DECLINE,1,0.034,10,1352,0,1
8698,credit_card,HARD_DECLINE,1,0.224,21,625,0,0
2294,upi,HARD_DECLINE,2,0.012,15,1142,0,0
365,debit_card,HARD_DECLINE,1,0.748,1,258,0,0
1242,credit_card,TRANSIENT,1,0.674,20,1788,0,0
3118,net_banking,SOFT_DECLINE,1,0.986,20,1784,0,1
4968,debit_card,HARD_DECLINE,1,0.427,24,767,1,0
4402,credit_card,CUSTOMER_ACTION_REQUIRED,2,0.32,8,38,0,0
630,net_banking,TRANSIENT,1,0.327,12,1170,0,1
968,upi,HARD_DECLINE,1,0.788,11,96,0,0
5503,debit_card,HARD_DECLINE,1,0.447,4,829,0,1
213,upi,UNKNOWN,1,0.077,20,224,1,0
800,net_banking,SOFT_DECLINE,2,0.922,20,1728,0,0
5675,debit_card,HARD_DECLINE,1,0.533,23,1556,0,0
841,credit_card,HARD_DECLINE,1,0.96,3,972,0,0
3918,upi,TRANSIENT,1,0.956,5,704,0,1
2073,net_banking,SOFT_DECLINE,2,0.214,11,1961,0,0
1028,upi,SOFT_DECLINE,1,0.189,25,387,0,0
2977,credit_card,TRANSIENT,2,0.233,15,1797,1,0
2933,net_banking,TRANSIENT,1,0.035,19,518,0,1
2619,debit_card,SOFT_DECLINE,1,0.709,9,323,1,0
7154,wallet,HARD_DECLINE,2,0.226,20,1682,0,0
7769,debit_card,HARD_DECLINE,2,0.684,15,1042,0,0
2248,debit_card,HARD_DECLINE,1,0.585,14,335,1,0
1604,wallet,TRANSIENT,2,0.071,18,334,1,0
6266,net_banking,TRANSIENT,1,0.029,10,414,0,0
4629,net_banking,TRANSIENT,1,0.577,16,1734,0,1
4124,credit_card,HARD_DECLINE,1,0.228,5,1886,1,0
7512,upi,TRANSIENT,2,0.86,15,151,0,0
1079,debit_card,HARD_DECLINE,1,0.012,16,753,0,0
595,debit_card,SOFT_DECLINE,1,0.225,3,898,0,0
3269,debit_card,TRANSIENT,3,0.596,14,168,0,0
3095,debit_card,TRANSIENT,1,0.27,19,1145,0,0
1103,credit_card,TRANSIENT,2,0.888,25,503,0,1
3692,debit_card,HARD_DECLINE,2,0.575,12,376,1,0
4153,debit_card,SOFT_DECLINE,1,0.914,11,689,0,0
3527,credit_card,TRANSIENT,1,0.724,21,284,0,1
1949,credit_card,HARD_DECLINE,3,0.058,4,1523,0,0
1516,wallet,SOFT_DECLINE,2,0.962,16,1025,0,1
3145,debit_card,TRANSIENT,2,0.807,7,473,0,1
1859,debit_card,TRANSIENT,2,0.493,20,1853,0,0
6568,credit_card,HARD_DECLINE,1,0.431,2,243,0,0
5588,credit_card,SOFT_DECLINE,1,0.49,23,263,0,1
1805,debit_card,TRANSIENT,1,0.948,15,1201,0,1
1672,net_banking,SOFT_DECLINE,1,0.879,0,617,0,1
3864,debit_card,TRANSIENT,2,0.449,22,641,1,0
664,debit_card,SOFT_DECLINE,1,0.879,10,154,0,0
1222,upi,CUSTOMER_ACTION_REQUIRED,2,0.385,14,1308,0,0
1605,wallet,CUSTOMER_ACTION_REQUIRED,3,0.748,1,1302,1,0
4243,upi,HARD_DECLINE,3,0.321,17,232,0,0
1221,net_banking,HARD_DECLINE,1,0.801,23,568,1,0
6862,debit_card,UNKNOWN,1,0.079,23,945,1,0
2923,debit_card,TRANSIENT,1,0.958,11,1881,1,0
1680,upi,SOFT_DECLINE,3,0.01,25,386,1,0
5556,upi,HARD_DECLINE,2,0.597,7,102,0,1
1522,credit_card,TRANSIENT,1,0.738,17,136,0,1
1472,net_banking,HARD_DECLINE,2,0.272,13,765,1,0
3530,credit_card,UNKNOWN,1,0.412,11,545,0,0
2558,credit_card,HARD_DECLINE,3,0.81,11,378,0,1
914,upi,UNKNOWN,1,0.135,14,894,1,0
99,upi,SOFT_DECLINE,2,0.738,2,1068,1,0
722,net_banking,TRANSIENT,1,0.557,3,783,0,1
6017,credit_card,SOFT_DECLINE,3,0.439,2,1619,0,1
5732,credit_card,SOFT_DECLINE,2,0.722,12,1828,1,0
2100,upi,CUSTOMER_ACTION_REQUIRED,2,0.893,24,1715,1,0
5215,debit_card,HARD_DECLINE,3,0.1,16,550,0,0
3843,credit_card,HARD_DECLINE,2,0.644,19,1878,0,0
1455,net_banking,SOFT_DECLINE,2,0.067,2,1783,0,0
2580,credit_card,SOFT_DECLINE,3,0.683,8,1601,0,0
659,credit_card,CUSTOMER_ACTION_REQUIRED,1,0.575,22,1789,1,0
1039,net_banking,UNKNOWN,1,0.306,0,1206,0,0
2918,net_banking,CUSTOMER_ACTION_REQUIRED,2,0.796,4,1349,0,0
5546,debit_card,CUSTOMER_ACTION_REQUIRED,1,0.644,15,1569,1,0
1331,net_banking,HARD_DECLINE,1,0.925,14,1117,1,0
3943,debit_card,CUSTOMER_ACTION_REQUIRED,1,0.855,14,281,0,0
460,debit_card,HARD_DECLINE,1,0.95,24,147,0,1
4094,credit_card,TRANSIENT,1,0.381,8,288,1,0
99,credit_card,HARD_DECLINE,2,0.847,16,1655,0,0
4302,upi,SOFT_DECLINE,1,0.375,20,923,0,1
340,upi,CUSTOMER_ACTION_REQUIRED,1,0.662,8,1637,0,0
3158,wallet,CUSTOMER_ACTION_REQUIRED,1,0.355,14,1762,0,0
7160,wallet,TRANSIENT,2,0.36,9,554,0,1
2895,upi,CUSTOMER_ACTION_REQUIRED,2,0.538,14,1693,1,0
2715,credit_card,UNKNOWN,3,0.55,11,719,0,0
8434,debit_card,HARD_DECLINE,2,0.753,13,461,1,0
1165,credit_card,SOFT_DECLINE,1,0.565,10,1979,1,1
3888,debit_card,SOFT_DECLINE,2,0.131,20,1477,0,1
183,debit_card,SOFT_DECLINE,1,0.717,18,588,0,0
2849,upi,HARD_DECLINE,1,0.403,7,869,0,0
4071,upi,SOFT_DECLINE,2,0.306,17,383,0,0
5581,net_banking,UNKNOWN,1,0.692,1,145,0,0
1253,credit_card,SOFT_DECLINE,2,0.467,16,554,1,0
5254,credit_card,SOFT_DECLINE,3,0.586,12,425,0,0
1252,net_banking,SOFT_DECLINE,1,0.176,1,232,0,1
1152,debit_card,SOFT_DECLINE,1,0.625,4,456,1,0
4039,credit_card,TRANSIENT,1,0.737,0,319,1,1
7757,credit_card,SOFT_DECLINE,3,0.574,22,389,0,0
5059,upi,SOFT_DECLINE,1,0.352,19,1285,1,0
4312,net_banking,TRANSIENT,1,0.263,7,169,0,0
4620,wallet,HARD_DECLINE,3,0.59,3,198,0,1
1908,credit_card,TRANSIENT,2,0.749,1,782,0,1
1730,debit_card,SOFT_DECLINE,1,0.927,6,1172,0,0
2305,net_banking,SOFT_DECLINE,2,0.997,5,1115,0,0
1902,debit_card,SOFT_DECLINE,2,0.054,7,49,0,0
5961,debit_card,CUSTOMER_ACTION_REQUIRED,1,0.793,14,1208,1,1
4266,credit_card,TRANSIENT,1,0.444,19,328,1,0
1043,upi,HARD_DECLINE,2,0.246,14,324,0,0
1428,upi,SOFT_DECLINE,1,0.666,18,1734,1,0
2014,net_banking,CUSTOMER_ACTION_REQUIRED,3,0.442,16,1028,0,0
4807,net_banking,SOFT_DECLINE,1,0.705,25,368,0,0
4045,debit_card,UNKNOWN,1,0.749,3,1553,1,1
3501,credit_card,HARD_DECLINE,1,0.896,14,1680,1,1
3057,net_banking,HARD_DECLINE,1,0.688,14,145,0,0
5818,debit_card,SOFT_DECLINE,1,0.358,0,191,0,1
5039,upi,CUSTOMER_ACTION_REQUIRED,1,0.114,10,1076,1,0
4474,wallet,CUSTOMER_ACTION_REQUIRED,1,0.046,22,1496,1,0
3956,upi,SOFT_DECLINE,1,0.951,11,879,0,0
6667,credit_card,UNKNOWN,2,0.998,14,466,0,0
1646,net_banking,HARD_DECLINE,2,0.083,0,230,0,0
6967,debit_card,HARD_DECLINE,1,0.853,5,1974,0,0
5076,credit_card,TRANSIENT,1,0.524,10,582,0,1
4868,credit_card,UNKNOWN,1,0.95,7,729,0,1
1903,debit_card,SOFT_DECLINE,1,0.557,0,1640,1,1
2870,net_banking,TRANSIENT,2,0.572,10,1281,0,0
2655,upi,UNKNOWN,1,0.964,15,861,0,1
5037,net_banking,CUSTOMER_ACTION_REQUIRED,1,0.485,13,884,1,0
3745,net_banking,CUSTOMER_ACTION_REQUIRED,1,0.15,15,746,1,0
2941,debit_card,TRANSIENT,1,0.263,23,1447,0,0
3853,upi,HARD_DECLINE,1,0.258,3,1542,0,0
2010,upi,SOFT_DECLINE,2,0.383,11,1169,1,1
6037,upi,SOFT_DECLINE,1,0.91,1,1170,1,1
2644,net_banking,SOFT_DECLINE,1,0.29,9,1885,0,0
3686,net_banking,HARD_DECLINE,2,0.749,15,1649,0,0
5147,debit_card,TRANSIENT,1,0.438,16,1377,0,0
3603,debit_card,TRANSIENT,2,0.947,14,118,1,1
911,upi,SOFT_DECLINE,2,0.927,14,812,0,1
2935,credit_card,HARD_DECLINE,1,0.902,7,902,0,0
2951,credit_card,HARD_DECLINE,1,0.737,21,127,1,1
1395,credit_card,SOFT_DECLINE,1,0.797,13,58,1,0
6158,upi,SOFT_DECLINE,2,0.005,14,1898,0,0
5642,wallet,SOFT_DECLINE,1,0.437,16,1310,0,0
805,debit_card,HARD_DECLINE,2,0.159,5,1163,0,0
3284,credit_card,CUSTOMER_ACTION_REQUIRED,1,0.635,25,339,1,1
774,upi,UNKNOWN,1,0.954,14,1896,0,0
852,debit_card,TRANSIENT,1,0.171,24,122,1,0
2009,credit_card,SOFT_DECLINE,1,0.735,17,1792,0,1
4109,credit_card,HARD_DECLINE,2,0.798,1,1119,1,1
5284,upi,TRANSIENT,2,0.038,2,1770,0,0
3560,upi,HARD_DECLINE,1,0.241,1,493,0,0
1431,net_banking,HARD_DECLINE,1,0.899,24,187,0,0
1475,debit_card,UNKNOWN,2,0.347,12,1921,0,0
3356,credit_card,CUSTOMER_ACTION_REQUIRED,2,0.513,6,1926,1,1
1166,debit_card,TRANSIENT,1,0.046,17,1965,0,0
2392,upi,SOFT_DECLINE,2,0.822,20,1795,0,0
898,debit_card,CUSTOMER_ACTION_REQUIRED,1,0.889,3,1575,1,1
99,debit_card,TRANSIENT,3,0.968,7,1774,0,0
2253,wallet,HARD_DECLINE,2,0.277,1,491,0,0
2125,debit_card,HARD_DECLINE,2,0.629,1,816,1,0
313,debit_card,HARD_DECLINE,2,0.005,9,987,0,0
2929,net_banking,HARD_DECLINE,1,0.47,4,1030,0,0
1640,debit_card,TRANSIENT,1,0.114,6,38,0,0
7667,upi,SOFT_DECLINE,2,0.545,10,1905,0,0
4514,debit_card,TRANSIENT,2,0.542,5,1022,1,1
3575,debit_card,SOFT_DECLINE,1,0.224,0,788,0,0
351,debit_card,SOFT_DECLINE,1,0.056,6,704,1,0
727,debit_card,TRANSIENT,3,0.346,23,770,1,0
2762,upi,HARD_DECLINE,2,0.635,2,1080,1,0
6913,credit_card,CUSTOMER_ACTION_REQUIRED,2,0.493,20,1924,1,0
3546,credit_card,UNKNOWN,1,0.604,6,472,0,1
3529,upi,SOFT_DECLINE,1,0.917,8,947,1,1
602,credit_card,HARD_DECLINE,3,0.674,5,1772,1,1
4446,debit_card,UNKNOWN,1,0.149,3,446,0,0
7329,credit_card,SOFT_DECLINE,2,0.535,2,1192,1,0
1453,net_banking,HARD_DECLINE,1,0.678,6,202,0,0
3719,upi,UNKNOWN,1,0.792,11,1980,0,0
3740,upi,SOFT_DECLINE,3,0.381,7,1647,0,0
910,upi,SOFT_DECLINE,1,0.877,24,497,1,0
2112,credit_card,TRANSIENT,1,0.813,22,1091,0,0
7472,upi,TRANSIENT,1,0.145,0,1280,0,0
5130,credit_card,SOFT_DECLINE,2,0.546,13,1932,0,0
3327,net_banking,SOFT_DECLINE,2,0.389,23,358,0,0
687,debit_card,SOFT_DECLINE,1,0.205,15,426,0,0
4148,wallet,HARD_DECLINE,1,0.19,1,1185,0,1
4349,upi,HARD_DECLINE,1,0.687,11,233,0,0
5444,credit_card,TRANSIENT,1,0.625,25,1373,0,1
6485,debit_card,TRANSIENT,1,0.65,13,1145,0,1
1478,upi,TRANSIENT,2,0.854,16,1424,0,1
6853,debit_card,CUSTOMER_ACTION_REQUIRED,1,0.172,21,575,0,0
4171,debit_card,TRANSIENT,1,0.45,4,351,0,1
5701,upi,HARD_DECLINE,1,0.041,1,1117,1,0
2887,debit_card,TRANSIENT,2,0.885,8,557,0,0
5565,credit_card,HARD_DECLINE,2,0.534,6,552,0,0
2457,net_banking,SOFT_DECLINE,1,0.736,4,822,1,1
2001,wallet,TRANSIENT,1,0.727,9,144,1,1
578,debit_card,CUSTOMER_ACTION_REQUIRED,2,0.223,0,1117,0,0
2587,credit_card,CUSTOMER_ACTION_REQUIRED,2,0.334,7,928,1,0
2149,debit_card,CUSTOMER_ACTION_REQUIRED,1,0.287,2,713,0,0
3384,upi,SOFT_DECLINE,1,0.078,5,274,0,0
7050,credit_card,SOFT_DECLINE,1,0.602,23,546,1,0
803,debit_card,SOFT_DECLINE,1,0.649,19,1008,0,1
4246,net_banking,SOFT_DECLINE,3,0.441,8,1494,0,0
1048,credit_card,TRANSIENT,3,0.139,19,1288,0,0
3741,debit_card,SOFT_DECLINE,2,0.316,10,1389,0,1
1736,upi,SOFT_DECLINE,1,0.607,14,361,1,0
3895,credit_card,SOFT_DECLINE,1,0.023,10,1614,1,1
5868,upi,TRANSIENT,2,0.526,7,1291,1,1
1602,upi,SOFT_DECLINE,1,0.138,11,1354,0,0
1881,debit_card,SOFT_DECLINE,3,0.06,11,852,0,0
960,upi,HARD_DECLINE,1,0.491,2,1475,1,0
3271,credit_card,TRANSIENT,2,0.031,23,188,1,0
5369,net_banking,CUSTOMER_ACTION_REQUIRED,2,0.036,25,918,1,0
3670,net_banking,TRANSIENT,1,0.392,21,1244,0,1
3388,net_banking,UNKNOWN,1,0.055,15,1842,0,0
5743,upi,SOFT_DECLINE,2,0.651,5,1677,0,0
99,net_banking,SOFT_DECLINE,1,0.665,17,1198,0,0
7041,net_banking,HARD_DECLINE,1,0.109,12,794,0,0
4498,credit_card,HARD_DECLINE,2,0.059,17,1420,0,0
1268,credit_card,TRANSIENT,3,0.001,4,762,1,1
3057,credit_card,SOFT_DECLINE,1,0.421,25,556,1,0
1822,upi,HARD_DECLINE,1,0.686,11,154,0,0
3707,net_banking,SOFT_DECLINE,2,0.263,2,872,1,0
4694,net_banking,HARD_DECLINE,3,0.549,23,1050,1,0
7462,debit_card,CUSTOMER_ACTION_REQUIRED,1,0.932,5,151,1,1
9277,debit_card,SOFT_DECLINE,2,0.841,5,1592,1,0
1483,net_banking,TRANSIENT,1,0.231,21,534,0,0
2415,debit_card,HARD_DECLINE,2,0.227,24,1499,0,0
993,upi,SOFT_DECLINE,1,0.949,15,1449,0,1
4757,credit_card,HARD_DECLINE,1,0.262,20,1595,0,0
785,credit_card,HARD_DECLINE,2,0.739,16,462,0,0
2086,credit_card,HARD_DECLINE,2,0.074,1,1251,0,0
4628,credit_card,SOFT_DECLINE,1,0.579,7,165,0,1
366,debit_card,TRANSIENT,3,0.47,24,133,0,0
4369,debit_card,TRANSIENT,1,0.342,11,991,0,0
1087,net_banking,SOFT_DECLINE,1,0.988,12,747,0,0
2650,credit_card,UNKNOWN,1,0.265,1,1497,0,0
4055,credit_card,SOFT_DECLINE,3,0.239,10,1279,0,0
1609,debit_card,UNKNOWN,2,0.916,10,1298,1,0
5171,upi,UNKNOWN,1,0.101,2,403,0,0
5130,upi,TRANSIENT,1,0.256,24,1045,0,0
3802,debit_card,TRANSIENT,1,0.856,14,81,0,0
2855,upi,HARD_DECLINE,3,0.385,6,409,0,0
3606,upi,SOFT_DECLINE,1,0.335,4,36,0,0
4421,credit_card,SOFT_DECLINE,1,0.481,19,1650,0,0
689,net_banking,SOFT_DECLINE,1,0.971,6,1300,0,1
3028,debit_card,CUSTOMER_ACTION_REQUIRED,2,0.811,9,771,1,1
266,upi,HARD_DECLINE,3,0.452,22,1853,0,0
3277,credit_card,SOFT_DECLINE,2,0.101,25,1909,0,0
969,debit_card,HARD_DECLINE,2,0.543,23,1041,0,0
3234,credit_card,SOFT_DECLINE,3,0.071,20,943,0,0
99,upi,TRANSIENT,1,0.383,2,1292,0,0
572,debit_card,CUSTOMER_ACTION_REQUIRED,2,0.142,25,71,0,0
1782,debit_card,TRANSIENT,1,0.888,16,1402,0,0
6211,upi,SOFT_DECLINE,1,0.636,10,495,0,0
4203,upi,CUSTOMER_ACTION_REQUIRED,1,0.9,15,1739,0,0
6233,upi,TRANSIENT,1,0.576,21,373,0,0
4163,upi,SOFT_DECLINE,1,0.911,21,1281,0,1
1156,net_banking,TRANSIENT,1,0.26,25,452,0,1
1456,debit_card,HARD_DECLINE,1,0.861,9,544,0,0
3543,credit_card,HARD_DECLINE,2,0.376,8,676,0,0
354,upi,UNKNOWN,2,0.553,0,1206,0,0
5351,debit_card,TRANSIENT,3,0.074,11,952,0,0
5710,debit_card,HARD_DECLINE,1,0.11,17,349,1,0
3094,credit_card,TRANSIENT,1,0.653,13,957,1,1
2284,credit_card,SOFT_DECLINE,1,0.951,2,1298,0,1
7051,debit_card,SOFT_DECLINE,1,0.092,10,141,0,1
4600,upi,UNKNOWN,2,0.342,12,1452,1,0
3010,net_banking,CUSTOMER_ACTION_REQUIRED,2,0.395,23,967,0,0
4030,debit_card,HARD_DECLINE,1,0.003,16,694,0,0
2831,credit_card,CUSTOMER_ACTION_REQUIRED,1,0.612,9,1855,0,0
2457,debit_card,TRANSIENT,1,0.098,12,1977,0,1
3050,debit_card,CUSTOMER_ACTION_REQUIRED,2,0.791,10,447,0,0
6744,upi,TRANSIENT,1,0.891,13,335,0,1
1807,upi,HARD_DECLINE,1,0.868,15,258,0,1
5509,debit_card,SOFT_DECLINE,2,0.058,18,150,1,1
3896,upi,HARD_DECLINE,2,0.469,19,912,0,0
99,credit_card,HARD_DECLINE,2,0.673,17,974,1,0
4131,credit_card,TRANSIENT,2,0.93,7,67,0,0
1774,debit_card,SOFT_DECLINE,1,0.906,4,554,0,1
3938,wallet,HARD_DECLINE,2,0.538,13,392,0,0
3498,net_banking,SOFT_DECLINE,3,0.57,14,162,0,0
8051,upi,CUSTOMER_ACTION_REQUIRED,1,0.116,6,1774,0,0
2844,net_banking,SOFT_DECLINE,2,0.382,24,1528,0,1
1939,credit_card,TRANSIENT,1,0.947,24,1734,0,0
3471,net_banking,HARD_DECLINE,1,0.08,25,697,1,0
1833,upi,HARD_DECLINE,2,0.661,11,1886,0,0
3359,debit_card,SOFT_DECLINE,2,0.611,11,247,0,1
1798,net_banking,TRANSIENT,2,0.026,14,1246,1,0
5146,upi,SOFT_DECLINE,2,0.065,3,1268,0,0
3849,debit_card,CUSTOMER_ACTION_REQUIRED,1,0.093,22,1311,0,0
4837,debit_card,HARD_DECLINE,1,0.501,13,1990,0,0
177,debit_card,CUSTOMER_ACTION_REQUIRED,2,0.833,9,1791,1,0
5343,upi,SOFT_DECLINE,1,0.152,19,599,1,1
4614,debit_card,CUSTOMER_ACTION_REQUIRED,1,0.03,23,1092,0,0
6482,wallet,TRANSIENT,1,0.712,18,1468,1,1
3255,credit_card,SOFT_DECLINE,1,0.197,11,162,0,0
101,debit_card,SOFT_DECLINE,1,0.152,9,1280,1,0
1174,upi,SOFT_DECLINE,1,0.27,11,1799,0,1
2067,credit_card,UNKNOWN,1,0.861,12,505,1,0
2542,wallet,CUSTOMER_ACTION_REQUIRED,1,0.752,22,1586,0,0
4504,net_banking,HARD_DECLINE,1,0.659,11,1548,0,0
5560,debit_card,SOFT_DECLINE,1,0.241,20,38,1,1
479,debit_card,CUSTOMER_ACTION_REQUIRED,2,0.371,3,461,0,0
403,debit_card,SOFT_DECLINE,3,0.157,6,993,0,0
4623,debit_card,TRANSIENT,1,0.32,21,1499,1,1
4475,credit_card,SOFT_DECLINE,2,0.569,25,1549,0,0
3143,net_banking,SOFT_DECLINE,1,0.223,0,55,0,1
3246,upi,HARD_DECLINE,2,0.044,9,1631,0,0
2362,debit_card,SOFT_DECLINE,1,0.365,11,1098,0,1
1672,upi,TRANSIENT,1,0.766,24,352,0,1
3100,debit_card,SOFT_DECLINE,1,0.352,4,1722,0,0
3485,net_banking,HARD_DECLINE,2,0.972,14,794,0,1
1206,net_banking,SOFT_DECLINE,1,0.775,9,1600,1,0
941,net_banking,SOFT_DECLINE,1,0.337,12,1773,0,0
1169,credit_card,HARD_DECLINE,1,0.59,17,997,1,1
3143,wallet,CUSTOMER_ACTION_REQUIRED,1,0.506,17,1944,0,0
5567,credit_card,TRANSIENT,1,0.659,19,829,0,1
6535,debit_card,HARD_DECLINE,1,0.645,25,1585,0,0
1846,credit_card,SOFT_DECLINE,3,0.153,17,1825,0,0
5171,net_banking,HARD_DECLINE,2,0.8,4,1234,0,0
99,debit_card,TRANSIENT,2,0.376,23,915,0,0
4034,upi,TRANSIENT,1,0.037,12,1377,0,1
4267,upi,HARD_DECLINE,1,1.0,12,60,1,1
3602,upi,SOFT_DECLINE,2,0.106,1,532,0,1
99,debit_card,TRANSIENT,2,0.913,10,1313,1,1
8368,credit_card,HARD_DECLINE,1,0.168,16,1148,0,0
7918,upi,CUSTOMER_ACTION_REQUIRED,2,0.519,12,1591,1,1
1167,credit_card,CUSTOMER_ACTION_REQUIRED,1,0.596,5,1902,0,0
2476,upi,TRANSIENT,2,0.982,21,1065,1,0
3313,net_banking,SOFT_DECLINE,1,0.78,6,385,0,0
4047,wallet,HARD_DECLINE,1,0.953,24,1960,1,0
1626,debit_card,HARD_DECLINE,2,0.233,9,1460,1,0
3290,upi,UNKNOWN,1,0.716,8,391,1,1
3466,credit_card,HARD_DECLINE,2,0.848,15,601,0,0
3173,upi,HARD_DECLINE,3,0.357,22,932,1,1
4269,upi,TRANSIENT,1,0.072,16,262,0,0
4979,upi,SOFT_DECLINE,1,0.544,2,1817,1,1
856,credit_card,CUSTOMER_ACTION_REQUIRED,1,0.857,3,810,1,0
99,debit_card,TRANSIENT,1,0.344,3,1943,1,0
1938,debit_card,CUSTOMER_ACTION_REQUIRED,2,0.181,10,161,1,0
2430,credit_card,TRANSIENT,2,0.955,5,91,0,0
2191,net_banking,HARD_DECLINE,2,0.312,2,1802,0,0
1703,credit_card,HARD_DECLINE,1,0.465,4,1861,0,1
1413,debit_card,HARD_DECLINE,2,0.571,17,44,0,0
4351,upi,TRANSIENT,3,0.362,3,1985,0,1
1808,wallet,TRANSIENT,1,0.843,18,587,0,1
2357,net_banking,TRANSIENT,2,0.338,6,483,0,1
3745,credit_card,SOFT_DECLINE,2,0.934,25,336,1,1
3969,upi,SOFT_DECLINE,2,0.415,7,514,0,1
6086,upi,SOFT_DECLINE,1,0.953,15,599,1,0
